id,county,state,rate
1001,Autauga,Alabama,277.9
1003,Baldwin,Alabama,188
1005,Barbour,Alabama,195.9
1007,Bibb,Alabama,207.8
1009,Blount,Alabama,106.8
1011,Bullock,Alabama,331.7
1013,Butler,Alabama,318.5
1015,Calhoun,Alabama,71.8
1017,Chambers,Alabama,283.1
1019,Cherokee,Alabama,126.3
1021,Chilton,Alabama,132.9
1023,Choctaw,Alabama,153.6
1025,Clarke,Alabama,241.2
1027,Clay,Alabama,66.3
1029,Cleburne,Alabama,89.2
1031,Coffee,Alabama,123.6
1033,Colbert,Alabama,106
1035,Conecuh,Alabama,322.3
1037,Coosa,Alabama,132.6
1039,Covington,Alabama,210.7
1041,Crenshaw,Alabama,231.6
1043,Cullman,Alabama,242.7
1045,Dale,Alabama,230.5
1047,Dallas,Alabama,288.6
1049,DeKalb,Alabama,162.4
1051,Elmore,Alabama,232.5
1053,Escambia,Alabama,530.3
1055,Etowah,Alabama,183.4
1057,Fayette,Alabama,222.4
1059,Franklin,Alabama,227.2
1061,Geneva,Alabama,245.1
1063,Greene,Alabama,140.9
1065,Hale,Alabama,158.1
1067,Henry,Alabama,203.7
1069,Houston,Alabama,225
1071,Jackson,Alabama,142.1
1073,Jefferson,Alabama,201.2
1075,Lamar,Alabama,165.3
1077,Lauderdale,Alabama,115.9
1079,Lawrence,Alabama,199
1081,Lee,Alabama,313.5
1083,Limestone,Alabama,201.5
1085,Lowndes,Alabama,304.5
1087,Macon,Alabama,216.2
1089,Madison,Alabama,137.3
1091,Marengo,Alabama,175.5
1093,Marion,Alabama,72.9
1095,Marshall,Alabama,133.9
1097,Mobile,Alabama,208.7
1099,Monroe,Alabama,341.5
1101,Montgomery,Alabama,283.5
1103,Morgan,Alabama,219.1
1105,Perry,Alabama,158.6
1107,Pickens,Alabama,206.3
1109,Pike,Alabama,222.8
1111,Randolph,Alabama,163
1113,Russell,Alabama,367.8
1115,St. Clair,Alabama,114
1117,Shelby,Alabama,102.7
1119,Sumter,Alabama,201.6
1121,Talladega,Alabama,86
1123,Tallapoosa,Alabama,242.8
1125,Tuscaloosa,Alabama,153.5
1127,Walker,Alabama,173.1
1129,Washington,Alabama,265.4
1131,Wilcox,Alabama,280.8
1133,Winston,Alabama,192.2
2013,Aleutians East,Alaska,171.8
2016,Aleutians West,Alaska,257
2020,Anchorage,Alaska,280.8
2050,Bethel,Alaska,271.5
2060,Bristol Bay,Alaska,-1
2068,Denali,Alaska,165
2070,Dillingham,Alaska,300.3
2090,Fairbanks North Star,Alaska,145.2
2100,Haines,Alaska,168.1
2110,Juneau,Alaska,173.9
2122,Kenai Peninsula,Alaska,92.6
2130,Ketchikan Gateway,Alaska,133.6
2150,Kodiak Island,Alaska,175.8
2164,Lake and Peninsula,Alaska,160.2
2170,Matanuska-Susitna,Alaska,130.5
2180,Nome,Alaska,153.3
2185,North Slope,Alaska,382.3
2188,Northwest Arctic,Alaska,241.6
2220,Sitka,Alaska,295.4
2240,Southeast Fairbanks,Alaska,169.7
2261,Valdez-Cordova,Alaska,194.2
2282,Yakutat,Alaska,-1
2290,Yukon-Koyukuk,Alaska,197
4001,Apache,Arizona,211.7
4003,Cochise,Arizona,162.4
4005,Coconino,Arizona,138.7
4007,Gila,Arizona,227.1
4009,Graham,Arizona,263
4011,Greenlee,Arizona,228.4
4012,La Paz,Arizona,239.9
4013,Maricopa,Arizona,216.4
4015,Mohave,Arizona,169.9
4017,Navajo,Arizona,209.9
4019,Pima,Arizona,203.3
4021,Pinal,Arizona,197.8
4023,Santa Cruz,Arizona,192.5
4025,Yavapai,Arizona,232
4027,Yuma,Arizona,232.8
5001,Arkansas,Arkansas,134.9
5003,Ashley,Arkansas,183.3
5005,Baxter,Arkansas,148.4
5007,Benton,Arkansas,209.4
5009,Boone,Arkansas,97.8
5011,Bradley,Arkansas,160.4
5013,Calhoun,Arkansas,141.9
5015,Carroll,Arkansas,123.9
5017,Chicot,Arkansas,218.3
5019,Clark,Arkansas,124.5
5021,Clay,Arkansas,157.2
5023,Cleburne,Arkansas,333.1
5025,Cleveland,Arkansas,187.9
5027,Columbia,Arkansas,325.7
5029,Conway,Arkansas,181.2
5031,Craighead,Arkansas,326.2
5033,Crawford,Arkansas,159.7
5035,Crittenden,Arkansas,525.5
5037,Cross,Arkansas,324.2
5039,Dallas,Arkansas,144
5041,Desha,Arkansas,213.9
5043,Drew,Arkansas,232.7
5045,Faulkner,Arkansas,194.2
5047,Franklin,Arkansas,147.1
5049,Fulton,Arkansas,183.7
5051,Garland,Arkansas,170.8
5053,Grant,Arkansas,213.8
5055,Greene,Arkansas,372.5
5057,Hempstead,Arkansas,196.3
5059,Hot Spring,Arkansas,168.5
5061,Howard,Arkansas,209.8
5063,Independence,Arkansas,101.1
5065,Izard,Arkansas,175.3
5067,Jackson,Arkansas,183.5
5069,Jefferson,Arkansas,270.8
5071,Johnson,Arkansas,168.8
5073,Lafayette,Arkansas,269.2
5075,Lawrence,Arkansas,176.1
5077,Lee,Arkansas,431.8
5079,Lincoln,Arkansas,248.5
5081,Little River,Arkansas,392.2
5083,Logan, Arkansas,133.2
5085,Lonoke, Arkansas,349.4
5087,Madison, Arkansas,187.5
5089,Marion, Arkansas,84.3
5091,Miller, Arkansas,362.8
5093,Mississippi, Arkansas,541.6
5095,Monroe, Arkansas,226.9
5097,Montgomery, Arkansas,115.9
5099,Nevada, Arkansas,212.1
5101,Newton, Arkansas,139.9
5103,Ouachita, Arkansas,119.9
5105,Perry, Arkansas,282
5107,Phillips, Arkansas,625
5109,Pike, Arkansas,211.1
5111,Poinsett, Arkansas,332.2
5113,Polk, Arkansas,195.9
5115,Pope, Arkansas,189.5
5117,Prairie, Arkansas,223.1
5119,Pulaski, Arkansas,343.6
5121,Randolph, Arkansas,121.7
5123,St. Francis, Arkansas,274.9
5125,Saline, Arkansas,231.7
5127,Scott, Arkansas,208.4
5129,Searcy, Arkansas,181.1
5131,Sebastian, Arkansas,195
5133,Sevier, Arkansas,107.6
5135,Sharp, Arkansas,114
5137,Stone, Arkansas,247.7
5139,Union, Arkansas,202.7
5141,Van Buren, Arkansas,200.9
5143,Washington, Arkansas,288.5
5145,White, Arkansas,334.4
5147,Woodruff, Arkansas,232
5149,Yell, Arkansas,309
6001,Alameda,California,246.6
6003,Alpine,California,157.2
6005,Amador,California,149.1
6007,Butte,California,327.5
6009,Calaveras,California,166.1
6011,Colusa,California,283.4
6013,Contra Costa,California,222.7
6015,Del Norte,California,262.4
6017,El Dorado,California,184.5
6019,Fresno,California,324.6
6021,Glenn,California,301.5
6023,Humboldt,California,273.6
6025,Imperial,California,283.4
6027,Inyo,California,264.6
6029,Kern,California,389.7
6031,Kings,California,249.3
6033,Lake,California,182.9
6035,Lassen,California,240.4
6037,Los Angeles,California,229.3
6039,Madera,California,409.3
6041,Marin,California,203.3
6043,Mariposa,California,272.6
6045,Mendocino,California,192
6047,Merced,California,503.7
6049,Modoc,California,263.1
6051,Mono,California,144.5
6053,Monterey,California,198.4
6055,Napa,California,299.9
6057,Nevada,California,224.1
6059,Orange,California,184.8
6061,Placer,California,256.3
6063,Plumas,California,239.1
6065,Riverside,California,294.8
6067,Sacramento,California,314.7
6069,San Benito,California,183.4
6071,San Bernardino,California,345.3
6073,San Diego,California,261.1
6075,San Francisco,California,176.6
6077,San Joaquin,California,305.5
6079,San Luis Obispo,California,177.5
6081,San Mateo,California,167.9
6083,Santa Barbara,California,223.2
6085,Santa Clara,California,245.1
6087,Santa Cruz,California,221.9
6089,Shasta,California,252.1
6091,Sierra,California,286.7
6093,Siskiyou,California,181.7
6095,Solano,California,305.4
6097,Sonoma,California,206.2
6099,Stanislaus,California,288.6
6101,Sutter,California,364
6103,Tehama,California,212.3
6105,Trinity,California,183.4
6107,Tulare,California,335.5
6109,Tuolumne,California,171.2
6111,Ventura,California,302.1
6113,Yolo,California,277.6
6115,Yuba,California,355.1
8001,Adams,Colorado,143.5
8003,Alamosa,Colorado,140.4
8005,Arapahoe,Colorado,132.9
8007,Archuleta,Colorado,119.3
8009,Baca,Colorado,146.6
8011,Bent,Colorado,142.5
8013,Boulder,Colorado,80.4
8014,Broomfield,Colorado,103.6
8015,Chaffee,Colorado,110.5
8017,Cheyenne,Colorado,215.4
8019,Clear Creek,Colorado,80.8
8021,Conejos,Colorado,189.2
8023,Costilla,Colorado,155.5
8025,Crowley,Colorado,274.2
8027,Custer,Colorado,189.9
8029,Delta,Colorado,122.7
8031,Denver,Colorado,208.8
8033,Dolores,Colorado,134.6
8035,Douglas,Colorado,98.5
8037,Eagle,Colorado,35.4
8039,Elbert,Colorado,104.1
8041,El Paso,Colorado,205.4
8043,Fremont,Colorado,342.5
8045,Garfield,Colorado,77.3
8047,Gilpin,Colorado,75.9
8049,Grand,Colorado,61.6
8051,Gunnison,Colorado,80.5
8053,Hinsdale,Colorado,92.8
8055,Huerfano,Colorado,140.9
8057,Jackson,Colorado,123.9
8059,Jefferson,Colorado,123.7
8061,Kiowa,Colorado,294.6
8063,Kit Carson,Colorado,74.2
8065,Lake,Colorado,62.1
8067,La Plata,Colorado,115.3
8069,Larimer,Colorado,123.8
8071,Las Animas,Colorado,160.2
8073,Lincoln,Colorado,132.4
8075,Logan,Colorado,217.2
8077,Mesa,Colorado,158.6
8079,Mineral,Colorado,101.2
8081,Moffat,Colorado,127.8
8083,Montezuma,Colorado,162.5
8085,Montrose,Colorado,160.3
8087,Morgan,Colorado,152.9
8089,Otero,Colorado,276.8
8091,Ouray,Colorado,76
8093,Park,Colorado,99.2
8095,Phillips,Colorado,327.6
8097,Pitkin,Colorado,43.1
8099,Prowers,Colorado,196.8
8101,Pueblo,Colorado,139.6
8103,Rio Blanco,Colorado,142.8
8105,Rio Grande,Colorado,118.9
8107,Routt,Colorado,146.6
8109,Saguache,Colorado,107.4
8111,San Juan,Colorado,108.2
8113,San Miguel,Colorado,119.8
8115,Sedgwick,Colorado,141.3
8117,Summit,Colorado,43.8
8119,Teller,Colorado,264.1
8121,Washington,Colorado,140
8123,Weld,Colorado,174.3
8125,Yuma,Colorado,59.7
9001,Fairfield,Connecticut,137.4
9003,Hartford,Connecticut,125.8
9005,Litchfield,Connecticut,103
9007,Middlesex,Connecticut,121.8
9009,New Haven,Connecticut,145.3
9011,New London,Connecticut,141.3
9013,Tolland,Connecticut,129.6
9015,Windham,Connecticut,160.8
10001,Kent,Delaware,244.4
10003,New Castle,Delaware,147.5
10005,Sussex,Delaware,218.7
11001,District of Columbia,DistrictOf Columbia,358
12001,Alachua,Florida,274.2
12003,Baker,Florida,185
12005,Bay,Florida,272.4
12007,Bradford,Florida,295.9
12009,Brevard,Florida,184.8
12011,Broward,Florida,111.4
12013,Calhoun,Florida,259.8
12015,Charlotte,Florida,107.3
12017,Citrus,Florida,199.6
12019,Clay,Florida,189.9
12021,Collier,Florida,111.8
12023,Columbia,Florida,313.3
12027,DeSoto,Florida,150.1
12029,Dixie,Florida,285.2
12031,Duval,Florida,258.5
12033,Escambia,Florida,207.9
12035,Flagler,Florida,193
12037,Franklin,Florida,236.5
12039,Gadsden,Florida,291
12041,Gilchrist,Florida,282
12043,Glades,Florida,142.2
12045,Gulf,Florida,269
12047,Hamilton,Florida,279.1
12049,Hardee,Florida,248.1
12051,Hendry,Florida,200.1
12053,Hernando,Florida,171.9
12055,Highlands,Florida,192.6
12057,Hillsborough,Florida,305.6
12059,Holmes,Florida,198.4
12061,Indian River,Florida,116
12063,Jackson,Florida,157
12065,Jefferson,Florida,219.9
12067,Lafayette,Florida,279.3
12069,Lake,Florida,178.7
12071,Lee,Florida,150.1
12073,Leon,Florida,207.8
12075,Levy,Florida,260.7
12077,Liberty,Florida,216.1
12079,Madison,Florida,267.4
12081,Manatee,Florida,126.8
12083,Marion,Florida,235.9
12085,Martin,Florida,91.2
12086,Miami-Dade,Florida,162.5
12087,Monroe,Florida,133.6
12089,Nassau,Florida,162.2
12091,Okaloosa,Florida,190.8
12093,Okeechobee,Florida,177
12095,Orange,Florida,223.2
12097,Osceola,Florida,199.2
12099,Palm Beach,Florida,92.2
12101,Pasco,Florida,150.6
12103,Pinellas,Florida,172.7
12105,Polk,Florida,237.4
12107,Putnam,Florida,295.8
12109,St. Johns,Florida,131.8
12111,St. Lucie,Florida,175.6
12113,Santa Rosa,Florida,178.7
12115,Sarasota,Florida,108.7
12117,Seminole,Florida,259.6
12119,Sumter,Florida,149.6
12121,Suwannee,Florida,285.6
12123,Taylor,Florida,306.2
12125,Union,Florida,351.4
12127,Volusia,Florida,210.4
12129,Wakulla,Florida,210.4
12131,Walton,Florida,172.7
12133,Washington,Florida,202.4
13001,Appling,Georgia,230.7
13003,Atkinson,Georgia,209.1
13005,Bacon,Georgia,174.1
13007,Baker,Georgia,265.2
13009,Baldwin,Georgia,305.8
13011,Banks,Georgia,120.3
13013,Barrow,Georgia,212.1
13015,Bartow,Georgia,218.6
13017,Ben Hill,Georgia,248.4
13019,Berrien,Georgia,260
13021,Bibb,Georgia,182.2
13023,Bleckley,Georgia,244.1
13025,Brantley,Georgia,137
13027,Brooks,Georgia,328.4
13029,Bryan,Georgia,252.3
13031,Bulloch,Georgia,281.6
13033,Burke,Georgia,194.1
13035,Butts,Georgia,310.1
13037,Calhoun,Georgia,394.8
13039,Camden,Georgia,91.7
13043,Candler,Georgia,247.4
13045,Carroll,Georgia,189.9
13047,Catoosa,Georgia,189
13049,Charlton,Georgia,127.9
13051,Chatham,Georgia,252.3
13053,Chattahoochee,Georgia,343.6
13055,Chattooga,Georgia,213.7
13057,Cherokee,Georgia,117.8
13059,Clarke,Georgia,213.1
13061,Clay,Georgia,149.4
13063,Clayton,Georgia,230.8
13065,Clinch,Georgia,150.7
13067,Cobb,Georgia,126.7
13069,Coffee,Georgia,229.9
13071,Colquitt,Georgia,396.9
13073,Columbia,Georgia,192.3
13075,Cook,Georgia,282.1
13077,Coweta,Georgia,271.5
13079,Crawford,Georgia,179.1
13081,Crisp,Georgia,205.4
13083,Dade,Georgia,173
13085,Dawson,Georgia,115.1
13087,Decatur,Georgia,217.6
13089,DeKalb,Georgia,200.6
13091,Dodge,Georgia,155.6
13093,Dooly,Georgia,125
13095,Dougherty,Georgia,428.1
13097,Douglas,Georgia,124.5
13099,Early,Georgia,433.5
13101,Echols,Georgia,242.5
13103,Effingham,Georgia,233.4
13105,Elbert,Georgia,267.8
13107,Emanuel,Georgia,264.3
13109,Evans,Georgia,256.5
13111,Fannin,Georgia,128.9
13113,Fayette,Georgia,140.6
13115,Floyd,Georgia,154.7
13117,Forsyth,Georgia,88.5
13119,Franklin,Georgia,240.9
13121,Fulton,Georgia,228.8
13123,Gilmer,Georgia,154
13125,Glascock,Georgia,476.6
13127,Glynn,Georgia,96.3
13129,Gordon,Georgia,149.8
13131,Grady,Georgia,293.8
13133,Greene,Georgia,273.4
13135,Gwinnett,Georgia,159.4
13137,Habersham,Georgia,148.7
13139,Hall,Georgia,117.7
13141,Hancock,Georgia,266.1
13143,Haralson,Georgia,117.9
13145,Harris,Georgia,254.4
13147,Hart,Georgia,217.5
13149,Heard,Georgia,217.4
13151,Henry,Georgia,199.7
13153,Houston,Georgia,155.2
13155,Irwin,Georgia,270
13157,Jackson,Georgia,149.7
13159,Jasper,Georgia,182
13161,Jeff Davis,Georgia,264.8
13163,Jefferson,Georgia,575
13165,Jenkins,Georgia,299.2
13167,Johnson,Georgia,180.2
13169,Jones,Georgia,208.8
13171,Lamar,Georgia,323
13173,Lanier,Georgia,284.9
13175,Laurens,Georgia,254.5
13177,Lee,Georgia,229.1
13179,Liberty,Georgia,228.9
13181,Lincoln,Georgia,178.3
13183,Long,Georgia,199.9
13185,Lowndes,Georgia,273.3
13187,Lumpkin,Georgia,111.8
13189,McDuffie,Georgia,441.4
13191,McIntosh,Georgia,121.8
13193,Macon,Georgia,182.9
13195,Madison,Georgia,229.6
13197,Marion,Georgia,181.6
13199,Meriwether,Georgia,277.2
13201,Miller,Georgia,144.8
13205,Mitchell,Georgia,290.5
13207,Monroe,Georgia,161.7
13209,Montgomery,Georgia,257.3
13211,Morgan,Georgia,177.4
13213,Murray,Georgia,180.1
13215,Muscogee,Georgia,443.9
13217,Newton,Georgia,220.2
13219,Oconee,Georgia,152.9
13221,Oglethorpe,Georgia,144.8
13223,Paulding,Georgia,171.1
13225,Peach,Georgia,221.9
13227,Pickens,Georgia,166.9
13229,Pierce,Georgia,182.4
13231,Pike,Georgia,247.5
13233,Polk,Georgia,169.7
13235,Pulaski,Georgia,141.2
13237,Putnam,Georgia,269.4
13239,Quitman,Georgia,171.4
13241,Rabun,Georgia,183.2
13243,Randolph,Georgia,369
13245,Richmond,Georgia,333
13247,Rockdale,Georgia,205.6
13249,Schley,Georgia,233
13251,Screven,Georgia,321
13253,Seminole,Georgia,186.8
13255,Spalding,Georgia,248.1
13257,Stephens,Georgia,265.9
13259,Stewart,Georgia,250.5
13261,Sumter,Georgia,202.1
13263,Talbot,Georgia,257.6
13265,Taliaferro,Georgia,221.3
13267,Tattnall,Georgia,230.3
13269,Taylor,Georgia,284.8
13271,Telfair,Georgia,174.8
13273,Terrell,Georgia,414.9
13275,Thomas,Georgia,232.7
13277,Tift,Georgia,271.3
13279,Toombs,Georgia,244.1
13281,Towns,Georgia,139.7
13283,Treutlen,Georgia,246.2
13285,Troup,Georgia,266.6
13287,Turner,Georgia,323
13289,Twiggs,Georgia,223.7
13291,Union,Georgia,94.4
13293,Upson,Georgia,175.3
13295,Walker,Georgia,236.8
13297,Walton,Georgia,183.6
13299,Ware,Georgia,175.9
13301,Warren,Georgia,284
13303,Washington,Georgia,234.2
13305,Wayne,Georgia,201.7
13307,Webster,Georgia,135.6
13309,Wheeler,Georgia,227.8
13311,White,Georgia,109.4
13313,Whitfield,Georgia,172.8
13315,Wilcox,Georgia,298
13317,Wilkes,Georgia,235.4
13319,Wilkinson,Georgia,227.1
13321,Worth,Georgia,249.4
15001,Hawaii, Hawaii,148.1
15003,Honolulu, Hawaii,156.6
15005,Kalawao, Hawaii,182.2
15007,Kauai, Hawaii,165.7
15009,Maui, Hawaii,173.2
16001,Ada,Idaho,151.6
16003,Adams,Idaho,133.7
16005,Bannock,Idaho,202
16007,Bear Lake,Idaho,206.2
16009,Benewah,Idaho,308.8
16011,Bingham,Idaho,182.2
16013,Blaine,Idaho,134.5
16015,Boise,Idaho,144.2
16017,Bonner,Idaho,257
16019,Bonneville,Idaho,194
16021,Boundary,Idaho,187.3
16023,Butte,Idaho,138
16025,Camas,Idaho,186
16027,Canyon,Idaho,223.7
16029,Caribou,Idaho,290.6
16031,Cassia,Idaho,185.2
16033,Clark,Idaho,105.8
16035,Clearwater,Idaho,164.3
16037,Custer,Idaho,159.9
16039,Elmore,Idaho,227.2
16041,Franklin,Idaho,102.4
16043,Fremont,Idaho,121.2
16045,Gem,Idaho,159.9
16047,Gooding,Idaho,189.3
16049,Idaho,Idaho,118.3
16051,Jefferson,Idaho,132.3
16053,Jerome,Idaho,196.3
16055,Kootenai,Idaho,263.5
16057,Latah,Idaho,159.6
16059,Lemhi,Idaho,104.8
16061,Lewis,Idaho,129.8
16063,Lincoln,Idaho,219.6
16065,Madison,Idaho,166
16067,Minidoka,Idaho,220.2
16069,Nez Perce,Idaho,184.9
16071,Oneida,Idaho,192.9
16073,Owyhee,Idaho,220.1
16075,Payette,Idaho,178.7
16077,Power,Idaho,190.1
16079,Shoshone,Idaho,261.9
16081,Teton,Idaho,142.5
16083,Twin Falls,Idaho,206.8
16085,Valley,Idaho,126.9
16087,Washington,Idaho,168.2
17001,Adams,Illinois,215.6
17003,Alexander,Illinois,125.9
17005,Bond,Illinois,199.3
17007,Boone,Illinois,158.6
17009,Brown,Illinois,178.6
17011,Bureau,Illinois,76.1
17013,Calhoun,Illinois,182.2
17015,Carroll,Illinois,182
17017,Cass,Illinois,166.5
17019,Champaign,Illinois,164.2
17021,Christian,Illinois,166.5
17023,Clark,Illinois,301.2
17025,Clay,Illinois,131.9
17027,Clinton,Illinois,139.4
17029,Coles,Illinois,237.4
17031,Cook,Illinois,185.9
17033,Crawford,Illinois,190.5
17035,Cumberland,Illinois,194.3
17037,DeKalb,Illinois,162
17039,De Witt,Illinois,287.8
17041,Douglas,Illinois,114.1
17043,DuPage,Illinois,108.3
17045,Edgar,Illinois,376.3
17047,Edwards,Illinois,207.5
17049,Effingham,Illinois,233.8
17051,Fayette,Illinois,128.3
17053,Ford,Illinois,215.3
17055,Franklin,Illinois,369.6
17057,Fulton,Illinois,125.5
17059,Gallatin,Illinois,124.5
17061,Greene,Illinois,298.9
17063,Grundy,Illinois,314.8
17065,Hamilton,Illinois,118.7
17067,Hancock,Illinois,110.7
17069,Hardin,Illinois,289
17071,Henderson,Illinois,169.5
17073,Henry,Illinois,191.5
17075,Iroquois,Illinois,345.1
17077,Jackson,Illinois,114.6
17079,Jasper,Illinois,190.8
17081,Jefferson,Illinois,108.2
17083,Jersey,Illinois,291.8
17085,Jo Daviess,Illinois,194.7
17087,Johnson,Illinois,114.7
17089,Kane,Illinois,143.2
17091,Kankakee,Illinois,246.6
17093,Kendall,Illinois,143.3
17095,Knox,Illinois,272.5
17097,Lake,Illinois,145.1
17099,La Salle,Illinois,290.6
17101,Lawrence,Illinois,270.2
17103,Lee,Illinois,204.4
17105,Livingston,Illinois,198.3
17107,Logan,Illinois,233.4
17109,McDonough,Illinois,224.4
17111,McHenry,Illinois,183.2
17113,McLean,Illinois,142.8
17115,Macon,Illinois,124.5
17117,Macoupin,Illinois,205
17119,Madison,Illinois,188.1
17121,Marion,Illinois,191.4
17123,Marshall,Illinois,163.4
17125,Mason,Illinois,224.7
17127,Massac,Illinois,294.3
17129,Menard,Illinois,181.2
17131,Mercer,Illinois,280.9
17133,Monroe,Illinois,187.6
17135,Montgomery,Illinois,158.6
17137,Morgan,Illinois,295.6
17139,Moultrie,Illinois,200.5
17141,Ogle,Illinois,169.1
17143,Peoria,Illinois,184.3
17145,Perry,Illinois,130.2
17147,Piatt,Illinois,321.8
17149,Pike,Illinois,212
17151,Pope,Illinois,180.8
17153,Pulaski,Illinois,178.6
17155,Putnam,Illinois,58.9
17157,Randolph,Illinois,203.6
17159,Richland,Illinois,223.4
17161,Rock Island,Illinois,122
17163,St. Clair,Illinois,294.1
17165,Saline,Illinois,114.1
17167,Sangamon,Illinois,233.1
17169,Schuyler,Illinois,150.9
17171,Scott,Illinois,278.7
17173,Shelby,Illinois,163
17175,Stark,Illinois,304.8
17177,Stephenson,Illinois,161.6
17179,Tazewell,Illinois,212.9
17181,Union,Illinois,60.1
17183,Vermilion,Illinois,466.3
17185,Wabash,Illinois,241.8
17187,Warren,Illinois,232.2
17189,Washington,Illinois,142.4
17191,Wayne,Illinois,310.4
17193,White,Illinois,225.7
17195,Whiteside,Illinois,132.1
17197,Will,Illinois,164.1
17199,Williamson,Illinois,120.1
17201,Winnebago,Illinois,143.6
17203,Woodford,Illinois,222.4
18001,Adams,Indiana,230.5
18003,Allen,Indiana,212.5
18005,Bartholomew,Indiana,192
18007,Benton,Indiana,213.1
18009,Blackford,Indiana,306
18011,Boone,Indiana,223.1
18013,Brown,Indiana,195.6
18015,Carroll,Indiana,247.3
18017,Cass,Indiana,343.9
18019,Clark,Indiana,219.2
18021,Clay,Indiana,213
18023,Clinton,Indiana,186.7
18025,Crawford,Indiana,256.2
18027,Daviess,Indiana,401.1
18029,Dearborn,Indiana,253.8
18031,Decatur,Indiana,205.2
18033,DeKalb,Indiana,198.9
18035,Delaware,Indiana,343
18037,Dubois,Indiana,272.7
18039,Elkhart,Indiana,325.6
18041,Fayette,Indiana,454.1
18043,Floyd,Indiana,277.4
18045,Fountain,Indiana,220.1
18047,Franklin,Indiana,260.6
18049,Fulton,Indiana,191
18051,Gibson,Indiana,365.6
18053,Grant,Indiana,328.4
18055,Greene,Indiana,175.9
18057,Hamilton,Indiana,127
18059,Hancock,Indiana,135
18061,Harrison,Indiana,226.7
18063,Hendricks,Indiana,222.6
18065,Henry,Indiana,183.1
18067,Howard,Indiana,316.7
18069,Huntington,Indiana,203.2
18071,Jackson,Indiana,237.4
18073,Jasper,Indiana,217.7
18075,Jay,Indiana,312.8
18077,Jefferson,Indiana,354.9
18079,Jennings,Indiana,143.2
18081,Johnson,Indiana,200
18083,Knox,Indiana,279.2
18085,Kosciusko,Indiana,311.8
18087,LaGrange,Indiana,224.3
18089,Lake,Indiana,243.1
18091,LaPorte,Indiana,266.8
18093,Lawrence,Indiana,418.8
18095,Madison,Indiana,241.9
18097,Marion,Indiana,224.6
18099,Marshall,Indiana,259.6
18101,Martin,Indiana,309.4
18103,Miami,Indiana,162.5
18105,Monroe,Indiana,107.3
18107,Montgomery,Indiana,197.8
18109,Morgan,Indiana,217.2
18111,Newton,Indiana,256.6
18113,Noble,Indiana,328.8
18115,Ohio,Indiana,242.6
18117,Orange,Indiana,455.8
18119,Owen,Indiana,227.7
18121,Parke,Indiana,243.4
18123,Perry,Indiana,142
18125,Pike,Indiana,319.4
18127,Porter,Indiana,296.6
18129,Posey,Indiana,163
18131,Pulaski,Indiana,251.7
18133,Putnam,Indiana,217.8
18135,Randolph,Indiana,226.6
18137,Ripley,Indiana,264.9
18139,Rush,Indiana,347.8
18141,St. Joseph,Indiana,310.2
18143,Scott,Indiana,233.7
18145,Shelby,Indiana,184.2
18147,Spencer,Indiana,171.2
18149,Starke,Indiana,227.5
18151,Steuben,Indiana,131.2
18153,Sullivan,Indiana,211.6
18155,Switzerland,Indiana,237.3
18157,Tippecanoe,Indiana,108.8
18159,Tipton,Indiana,166.5
18161,Union,Indiana,231.2
18163,Vanderburgh,Indiana,245.4
18165,Vermillion,Indiana,367.2
18167,Vigo,Indiana,276.4
18169,Wabash,Indiana,237
18171,Warren,Indiana,209.1
18173,Warrick,Indiana,174.4
18175,Washington,Indiana,408.8
18177,Wayne,Indiana,389
18179,Wells,Indiana,150.3
18181,White,Indiana,213.4
18183,Whitley,Indiana,208.3
19001,Adair,Iowa,285.9
19003,Adams,Iowa,284
19005,Allamakee,Iowa,275.2
19007,Appanoose,Iowa,338
19009,Audubon,Iowa,215.7
19011,Benton,Iowa,185.1
19013,Black Hawk,Iowa,289.4
19015,Boone,Iowa,154.8
19017,Bremer,Iowa,207.6
19019,Buchanan,Iowa,304.7
19021,Buena Vista,Iowa,229.1
19023,Butler,Iowa,325.1
19025,Calhoun,Iowa,170.8
19027,Carroll,Iowa,221.1
19029,Cass,Iowa,220.2
19031,Cedar,Iowa,242.6
19033,Cerro Gordo,Iowa,205.7
19035,Cherokee,Iowa,188.4
19037,Chickasaw,Iowa,91.9
19039,Clarke,Iowa,276.7
19041,Clay,Iowa,181.7
19043,Clayton,Iowa,243.7
19045,Clinton,Iowa,217.2
19047,Crawford,Iowa,170.8
19049,Dallas,Iowa,128.3
19051,Davis,Iowa,151.9
19053,Decatur,Iowa,134.3
19055,Delaware,Iowa,274.5
19057,Des Moines,Iowa,173.2
19059,Dickinson,Iowa,127.6
19061,Dubuque,Iowa,215.2
19063,Emmet,Iowa,316.5
19065,Fayette,Iowa,251.8
19067,Floyd,Iowa,105.9
19069,Franklin,Iowa,183.6
19071,Fremont,Iowa,288.1
19073,Greene,Iowa,189.2
19075,Grundy,Iowa,188.5
19077,Guthrie,Iowa,193.1
19079,Hamilton,Iowa,209.3
19081,Hancock,Iowa,210.5
19083,Hardin,Iowa,286.5
19085,Harrison,Iowa,201.7
19087,Henry,Iowa,277.1
19089,Howard,Iowa,95.7
19091,Humboldt,Iowa,211.6
19093,Ida,Iowa,188.6
19095,Iowa,Iowa,285.8
19097,Jackson,Iowa,214.2
19099,Jasper,Iowa,151.1
19101,Jefferson,Iowa,166.9
19103,Johnson,Iowa,217.7
19105,Jones,Iowa,301.3
19107,Keokuk,Iowa,263.3
19109,Kossuth,Iowa,208.1
19111,Lee,Iowa,213
19113,Linn,Iowa,150.2
19115,Louisa,Iowa,176.2
19117,Lucas,Iowa,153.6
19119,Lyon,Iowa,192.9
19121,Madison,Iowa,221.5
19123,Mahaska,Iowa,167.7
19125,Marion,Iowa,157.9
19127,Marshall,Iowa,364.3
19129,Mills,Iowa,177.7
19131,Mitchell,Iowa,132.4
19133,Monona,Iowa,338.6
19135,Monroe,Iowa,202.4
19137,Montgomery,Iowa,224.7
19139,Muscatine,Iowa,385.5
19141,O'Brien,Iowa,173.1
19143,Osceola,Iowa,242.3
19145,Page,Iowa,283.5
19147,Palo Alto,Iowa,424.2
19149,Plymouth,Iowa,159.3
19151,Pocahontas,Iowa,220
19153,Polk,Iowa,173
19155,Pottawattamie,Iowa,208.9
19157,Poweshiek,Iowa,268.7
19159,Ringgold,Iowa,195.7
19161,Sac,Iowa,331.3
19163,Scott,Iowa,147.7
19165,Shelby,Iowa,174.2
19167,Sioux,Iowa,155.3
19169,Story,Iowa,157.8
19171,Tama,Iowa,260.1
19173,Taylor,Iowa,163
19175,Union,Iowa,305
19177,Van Buren,Iowa,141.6
19179,Wapello,Iowa,92.2
19181,Warren,Iowa,129.3
19183,Washington,Iowa,247.3
19185,Wayne,Iowa,226.9
19187,Webster,Iowa,143.1
19189,Winnebago,Iowa,203.2
19191,Winneshiek,Iowa,137.1
19193,Woodbury,Iowa,261.9
19195,Worth,Iowa,230.1
19197,Wright,Iowa,152.5
20001,Allen,Kansas,95
20003,Anderson,Kansas,144.1
20005,Atchison,Kansas,159.9
20007,Barber,Kansas,79.8
20009,Barton,Kansas,109.4
20011,Bourbon,Kansas,89.3
20013,Brown,Kansas,120.6
20015,Butler,Kansas,86.8
20017,Chase,Kansas,104.6
20019,Chautauqua,Kansas,110.4
20021,Cherokee,Kansas,199.5
20023,Cheyenne,Kansas,37.8
20025,Clark,Kansas,174.8
20027,Clay,Kansas,127.4
20029,Cloud,Kansas,71.7
20031,Coffey,Kansas,56.1
20033,Comanche,Kansas,127.9
20035,Cowley,Kansas,95.1
20037,Crawford,Kansas,159.7
20039,Decatur,Kansas,107.4
20041,Dickinson,Kansas,190.9
20043,Doniphan,Kansas,166.2
20045,Douglas,Kansas,115.1
20047,Edwards,Kansas,149.4
20049,Elk,Kansas,104
20051,Ellis,Kansas,106.3
20053,Ellsworth,Kansas,142
20055,Finney,Kansas,43.6
20057,Ford,Kansas,205.1
20059,Franklin,Kansas,185.3
20061,Geary,Kansas,434.4
20063,Gove,Kansas,214
20065,Graham,Kansas,242.8
20067,Grant,Kansas,56.8
20069,Gray,Kansas,77.6
20071,Greeley,Kansas,217
20073,Greenwood,Kansas,77.9
20075,Hamilton,Kansas,188.8
20077,Harper,Kansas,84.6
20079,Harvey,Kansas,127.7
20081,Haskell,Kansas,130.8
20083,Hodgeman,Kansas,97
20085,Jackson,Kansas,120.3
20087,Jefferson,Kansas,132.5
20089,Jewell,Kansas,68.2
20091,Johnson,Kansas,82.5
20093,Kearny,Kansas,83.4
20095,Kingman,Kansas,153.1
20097,Kiowa,Kansas,127.9
20099,Labette,Kansas,131.4
20101,Lane,Kansas,226.9
20103,Leavenworth,Kansas,112.4
20105,Lincoln,Kansas,98.6
20107,Linn,Kansas,99.6
20109,Logan,Kansas,183
20111,Lyon,Kansas,72.9
20113,McPherson,Kansas,137.1
20115,Marion,Kansas,72.5
20117,Marshall,Kansas,175.8
20119,Meade,Kansas,186.7
20121,Miami,Kansas,103.7
20123,Mitchell,Kansas,128
20125,Montgomery,Kansas,250.6
20127,Morris,Kansas,277.3
20129,Morton,Kansas,164.8
20131,Nemaha,Kansas,111.9
20133,Neosho,Kansas,93.7
20135,Ness,Kansas,264.8
20137,Norton,Kansas,153.2
20139,Osage,Kansas,96.4
20141,Osborne,Kansas,333.3
20143,Ottawa,Kansas,134.1
20145,Pawnee,Kansas,210.4
20147,Phillips,Kansas,83.7
20149,Pottawatomie,Kansas,179.7
20151,Pratt,Kansas,134
20153,Rawlins,Kansas,116.5
20155,Reno,Kansas,152.5
20157,Republic,Kansas,65.3
20159,Rice,Kansas,139.8
20161,Riley,Kansas,149.9
20163,Rooks,Kansas,162.5
20165,Rush,Kansas,186.9
20167,Russell,Kansas,121.1
20169,Saline,Kansas,146.4
20171,Scott,Kansas,79
20173,Sedgwick,Kansas,158.8
20175,Seward,Kansas,161.2
20177,Shawnee,Kansas,187.8
20179,Sheridan,Kansas,41.5
20181,Sherman,Kansas,257.2
20183,Smith,Kansas,98.4
20185,Stafford,Kansas,132.9
20187,Stanton,Kansas,133.8
20189,Stevens,Kansas,164.5
20191,Sumner,Kansas,176.2
20193,Thomas,Kansas,57.2
20195,Trego,Kansas,108.6
20197,Wabaunsee,Kansas,174.1
20199,Wallace,Kansas,185.2
20201,Washington,Kansas,117.2
20203,Wichita,Kansas,140.6
20205,Wilson,Kansas,207.6
20207,Woodson,Kansas,94.4
20209,Wyandotte,Kansas,161.3
21001,Adair,Kentucky,76.2
21003,Allen,Kentucky,243.6
21005,Anderson,Kentucky,299.8
21007,Ballard,Kentucky,161.8
21009,Barren,Kentucky,243.3
21011,Bath,Kentucky,329.7
21013,Bell,Kentucky,324.4
21015,Boone,Kentucky,283.5
21017,Bourbon,Kentucky,221.8
21019,Boyd,Kentucky,229.2
21021,Boyle,Kentucky,183.6
21023,Bracken,Kentucky,200.1
21025,Breathitt,Kentucky,101.9
21027,Breckinridge,Kentucky,157.9
21029,Bullitt,Kentucky,178.9
21031,Butler,Kentucky,316.4
21033,Caldwell,Kentucky,301.7
21035,Calloway,Kentucky,173.4
21037,Campbell,Kentucky,256.8
21039,Carlisle,Kentucky,149.2
21041,Carroll,Kentucky,490.4
21043,Carter,Kentucky,242.5
21045,Casey,Kentucky,129.9
21047,Christian,Kentucky,235
21049,Clark,Kentucky,227.3
21051,Clay,Kentucky,465.3
21053,Clinton,Kentucky,179.7
21055,Crittenden,Kentucky,273.5
21057,Cumberland,Kentucky,118.3
21059,Daviess,Kentucky,155.5
21061,Edmonson,Kentucky,412.9
21063,Elliott,Kentucky,312.7
21065,Estill,Kentucky,118.7
21067,Fayette,Kentucky,258.3
21069,Fleming,Kentucky,300.9
21071,Floyd,Kentucky,292.4
21073,Franklin,Kentucky,154.5
21075,Fulton,Kentucky,212
21077,Gallatin,Kentucky,447.6
21079,Garrard,Kentucky,161.5
21081,Grant,Kentucky,371.4
21083,Graves,Kentucky,267.6
21085,Grayson,Kentucky,289.7
21087,Green,Kentucky,208
21089,Greenup,Kentucky,238.7
21091,Hancock,Kentucky,147.5
21093,Hardin,Kentucky,196.4
21095,Harlan,Kentucky,530.9
21097,Harrison,Kentucky,162.4
21099,Hart,Kentucky,241.1
21101,Henderson,Kentucky,229.8
21103,Henry,Kentucky,178.6
21105,Hickman,Kentucky,167.1
21107,Hopkins,Kentucky,292.6
21109,Jackson,Kentucky,145.3
21111,Jefferson,Kentucky,203
21113,Jessamine,Kentucky,219.4
21115,Johnson,Kentucky,228.7
21117,Kenton,Kentucky,289
21119,Knott,Kentucky,246.5
21121,Knox,Kentucky,317.6
21123,Larue,Kentucky,211.5
21125,Laurel,Kentucky,125.4
21127,Lawrence,Kentucky,238.4
21129,Lee,Kentucky,477
21131,Leslie,Kentucky,309.1
21133,Letcher,Kentucky,284.3
21135,Lewis,Kentucky,342.3
21137,Lincoln,Kentucky,248.8
21139,Livingston,Kentucky,198.5
21141,Logan,Kentucky,528.5
21143,Lyon,Kentucky,230.7
21145,McCracken,Kentucky,223
21147,McCreary,Kentucky,245.8
21149,McLean,Kentucky,193
21151,Madison,Kentucky,145
21153,Magoffin,Kentucky,203.5
21155,Marion,Kentucky,230.3
21157,Marshall,Kentucky,164.4
21159,Martin,Kentucky,137.9
21161,Mason,Kentucky,308.8
21163,Meade,Kentucky,205.6
21165,Menifee,Kentucky,353.9
21167,Mercer,Kentucky,305.6
21169,Metcalfe,Kentucky,239.7
21171,Monroe,Kentucky,182
21173,Montgomery,Kentucky,407.7
21175,Morgan,Kentucky,185.5
21177,Muhlenberg,Kentucky,185.7
21179,Nelson,Kentucky,247.6
21181,Nicholas,Kentucky,408.4
21183,Ohio,Kentucky,133.9
21185,Oldham,Kentucky,172.4
21187,Owen,Kentucky,240
21189,Owsley,Kentucky,299.6
21191,Pendleton,Kentucky,215.9
21193,Perry,Kentucky,161.4
21195,Pike,Kentucky,298.3
21197,Powell,Kentucky,411.5
21199,Pulaski,Kentucky,257.8
21201,Robertson,Kentucky,207.8
21203,Rockcastle,Kentucky,188.9
21205,Rowan,Kentucky,328.1
21207,Russell,Kentucky,245.5
21209,Scott,Kentucky,158.7
21211,Shelby,Kentucky,167.2
21213,Simpson,Kentucky,301
21215,Spencer,Kentucky,216.2
21217,Taylor,Kentucky,234.2
21219,Todd,Kentucky,228.7
21221,Trigg,Kentucky,289.7
21223,Trimble,Kentucky,213.4
21225,Union,Kentucky,245.8
21227,Warren,Kentucky,432.2
21229,Washington,Kentucky,223.3
21231,Wayne,Kentucky,167.3
21233,Webster,Kentucky,296
21235,Whitley,Kentucky,261.1
21237,Wolfe,Kentucky,257.2
21239,Woodford,Kentucky,227.7
22001,Acadia,Louisiana,120.9
22003,Allen,Louisiana,239.9
22005,Ascension,Louisiana,155.2
22007,Assumption,Louisiana,226.3
22009,Avoyelles,Louisiana,349.2
22011,Beauregard,Louisiana,94.8
22013,Bienville,Louisiana,146.6
22015,Bossier,Louisiana,428.7
22017,Caddo,Louisiana,846.4
22019,Calcasieu,Louisiana,322.9
22021,Caldwell,Louisiana,133.5
22023,Cameron,Louisiana,154.9
22025,Catahoula,Louisiana,415.4
22027,Claiborne,Louisiana,111.9
22029,Concordia,Louisiana,518.6
22031,De Soto,Louisiana,675.1
22033,East Baton Rouge,Louisiana,44.8
22035,East Carroll,Louisiana,468.1
22037,East Feliciana,Louisiana,138.1
22039,Evangeline,Louisiana,269.1
22041,Franklin,Louisiana,499.8
22043,Grant,Louisiana,323.2
22045,Iberia,Louisiana,113.8
22047,Iberville,Louisiana,290.1
22049,Jackson,Louisiana,252.1
22051,Jefferson,Louisiana,190.2
22053,Jefferson Davis,Louisiana,226.2
22055,Lafayette,Louisiana,163.8
22057,Lafourche,Louisiana,149.1
22059,La Salle,Louisiana,311.8
22061,Lincoln,Louisiana,355.1
22063,Livingston,Louisiana,38.9
22065,Madison,Louisiana,289.3
22067,Morehouse,Louisiana,379.9
22069,Natchitoches,Louisiana,304
22071,Orleans,Louisiana,254.9
22073,Ouachita,Louisiana,740.2
22075,Plaquemines,Louisiana,185.1
22077,Pointe Coupee,Louisiana,328
22079,Rapides,Louisiana,157
22081,Red River,Louisiana,601.9
22083,Richland,Louisiana,142.2
22085,Sabine,Louisiana,164.7
22087,St. Bernard,Louisiana,276.9
22089,St. Charles,Louisiana,150.2
22091,St. Helena,Louisiana,358.9
22093,St. James,Louisiana,266.9
22095,St. John the Baptist,Louisiana,93.3
22097,St. Landry,Louisiana,350.7
22099,St. Martin,Louisiana,193
22101,St. Mary,Louisiana,177.7
22103,St. Tammany,Louisiana,98.1
22105,Tangipahoa,Louisiana,183.7
22107,Tensas,Louisiana,212
22109,Terrebonne,Louisiana,235.2
22111,Union,Louisiana,395.6
22113,Vermilion,Louisiana,50.3
22115,Vernon,Louisiana,208
22117,Washington,Louisiana,186.9
22119,Webster,Louisiana,175.3
22121,West Baton Rouge,Louisiana,62
22123,West Carroll,Louisiana,215.8
22125,West Feliciana,Louisiana,40
22127,Winn,Louisiana,448.7
23001,Androscoggin,Maine,112.9
23003,Aroostook,Maine,162.4
23005,Cumberland,Maine,93.5
23007,Franklin,Maine,152.3
23009,Hancock,Maine,157.6
23011,Kennebec,Maine,162.1
23013,Knox,Maine,111.5
23015,Lincoln,Maine,115.9
23017,Oxford,Maine,159.1
23019,Penobscot,Maine,145.8
23021,Piscataquis,Maine,171.9
23023,Sagadahoc,Maine,76.9
23025,Somerset,Maine,178.4
23027,Waldo,Maine,154.1
23029,Washington,Maine,159.2
23031,York,Maine,112.8
24001,Allegany,Maryland,245.3
24003,Anne Arundel,Maryland,220.4
24005,Baltimore,Maryland,184
24009,Calvert,Maryland,238.4
24011,Caroline,Maryland,244.9
24013,Carroll,Maryland,175
24015,Cecil,Maryland,235.2
24017,Charles,Maryland,291.3
24019,Dorchester,Maryland,231.7
24021,Frederick,Maryland,191.9
24023,Garrett,Maryland,284.9
24025,Harford,Maryland,202.9
24027,Howard,Maryland,132.9
24029,Kent,Maryland,290.6
24031,Montgomery,Maryland,142.9
24033,Prince George's,Maryland,270.9
24035,Queen Anne's,Maryland,228.1
24037,St. Mary's,Maryland,246.7
24039,Somerset,Maryland,172
24041,Talbot,Maryland,263.1
24043,Washington,Maryland,367.7
24045,Wicomico,Maryland,175.5
24047,Worcester,Maryland,174.7
24510,Baltimore City,Maryland,392.5
25001,Barnstable,Massachusetts,159.1
25003,Berkshire,Massachusetts,118.6
25005,Bristol,Massachusetts,151.6
25007,Dukes,Massachusetts,116
25009,Essex,Massachusetts,116.6
25011,Franklin,Massachusetts,128.1
25013,Hampden,Massachusetts,146
25015,Hampshire,Massachusetts,121
25017,Middlesex,Massachusetts,114.1
25019,Nantucket,Massachusetts,122.8
25021,Norfolk,Massachusetts,125.2
25023,Plymouth,Massachusetts,126.8
25025,Suffolk,Massachusetts,166
25027,Worcester,Massachusetts,133.7
26001,Alcona,Michigan,173
26003,Alger,Michigan,142.7
26005,Allegan,Michigan,166.7
26007,Alpena,Michigan,182.1
26009,Antrim,Michigan,99.8
26011,Arenac,Michigan,161.2
26013,Baraga,Michigan,191
26015,Barry,Michigan,224.5
26017,Bay,Michigan,163.7
26019,Benzie,Michigan,193.3
26021,Berrien,Michigan,217.6
26023,Branch,Michigan,309.3
26025,Calhoun,Michigan,272.4
26027,Cass,Michigan,205.4
26029,Charlevoix,Michigan,75.4
26031,Cheboygan,Michigan,148.9
26033,Chippewa,Michigan,233.4
26035,Clare,Michigan,188
26037,Clinton,Michigan,257
26039,Crawford,Michigan,194.4
26041,Delta,Michigan,149.7
26043,Dickinson,Michigan,133.1
26045,Eaton,Michigan,236.1
26047,Emmet,Michigan,135.7
26049,Genesee,Michigan,286.1
26051,Gladwin,Michigan,175.5
26053,Gogebic,Michigan,100.7
26055,Grand Traverse,Michigan,230.5
26057,Gratiot,Michigan,153.8
26059,Hillsdale,Michigan,350.9
26061,Houghton,Michigan,286.8
26063,Huron,Michigan,266.6
26065,Ingham,Michigan,253.2
26067,Ionia,Michigan,225.1
26069,Iosco,Michigan,154.4
26071,Iron,Michigan,102.9
26073,Isabella,Michigan,221.9
26075,Jackson,Michigan,289.1
26077,Kalamazoo,Michigan,236.5
26079,Kalkaska,Michigan,167.8
26081,Kent,Michigan,262.7
26083,Keweenaw,Michigan,237.2
26085,Lake,Michigan,227.4
26087,Lapeer,Michigan,188.2
26089,Leelanau,Michigan,132.4
26091,Lenawee,Michigan,263.4
26093,Livingston,Michigan,181.3
26095,Luce,Michigan,152.7
26097,Mackinac,Michigan,167.3
26099,Macomb,Michigan,250.1
26101,Manistee,Michigan,206.5
26103,Marquette,Michigan,150.6
26105,Mason,Michigan,187.5
26107,Mecosta,Michigan,186.2
26109,Menominee,Michigan,178.3
26111,Midland,Michigan,159.8
26113,Missaukee,Michigan,195.5
26115,Monroe,Michigan,214.7
26117,Montcalm,Michigan,207.5
26119,Montmorency,Michigan,112.5
26121,Muskegon,Michigan,245.9
26123,Newaygo,Michigan,164.2
26125,Oakland,Michigan,201.2
26127,Oceana,Michigan,121.5
26129,Ogemaw,Michigan,150.9
26131,Ontonagon,Michigan,138
26133,Osceola,Michigan,194.7
26135,Oscoda,Michigan,141.3
26137,Otsego,Michigan,96.1
26139,Ottawa,Michigan,163
26141,Presque Isle,Michigan,157.9
26143,Roscommon,Michigan,198.6
26145,Saginaw,Michigan,230.8
26147,St. Clair,Michigan,299
26149,St. Joseph,Michigan,235.3
26151,Sanilac,Michigan,227.2
26153,Schoolcraft,Michigan,136.1
26155,Shiawassee,Michigan,265.9
26157,Tuscola,Michigan,184.5
26159,Van Buren,Michigan,229.1
26161,Washtenaw,Michigan,199.5
26163,Wayne,Michigan,267.4
26165,Wexford,Michigan,188.7
27001,Aitkin,Minnesota,245.4
27003,Anoka,Minnesota,178
27005,Becker,Minnesota,199.8
27007,Beltrami,Minnesota,192.5
27009,Benton,Minnesota,338.3
27011,Big Stone,Minnesota,187
27013,Blue Earth,Minnesota,229.3
27015,Brown,Minnesota,255.4
27017,Carlton,Minnesota,230.3
27019,Carver,Minnesota,153.3
27021,Cass,Minnesota,133.6
27023,Chippewa,Minnesota,133.2
27025,Chisago,Minnesota,187.2
27027,Clay,Minnesota,221
27029,Clearwater,Minnesota,373.3
27031,Cook,Minnesota,163.4
27033,Cottonwood,Minnesota,333.9
27035,Crow Wing,Minnesota,176
27037,Dakota,Minnesota,216.7
27039,Dodge,Minnesota,261.8
27041,Douglas,Minnesota,204.3
27043,Faribault,Minnesota,198.6
27045,Fillmore,Minnesota,234.5
27047,Freeborn,Minnesota,185.6
27049,Goodhue,Minnesota,330.9
27051,Grant,Minnesota,273.2
27053,Hennepin,Minnesota,210.8
27055,Houston,Minnesota,179.8
27057,Hubbard,Minnesota,138.4
27059,Isanti,Minnesota,205.5
27061,Itasca,Minnesota,205.3
27063,Jackson,Minnesota,170.6
27065,Kanabec,Minnesota,198.4
27067,Kandiyohi,Minnesota,168.8
27069,Kittson,Minnesota,314.8
27071,Koochiching,Minnesota,230
27073,Lac qui Parle,Minnesota,113.9
27075,Lake,Minnesota,225.6
27077,Lake of the Woods,Minnesota,226.5
27079,Le Sueur,Minnesota,200.1
27081,Lincoln,Minnesota,279.6
27083,Lyon,Minnesota,144.4
27085,McLeod,Minnesota,218.3
27087,Mahnomen,Minnesota,431.4
27089,Marshall,Minnesota,264.5
27091,Martin,Minnesota,305.6
27093,Meeker,Minnesota,312
27095,Mille Lacs,Minnesota,214.6
27097,Morrison,Minnesota,270.1
27099,Mower,Minnesota,281.1
27101,Murray,Minnesota,105.4
27103,Nicollet,Minnesota,155.6
27105,Nobles,Minnesota,196.9
27107,Norman,Minnesota,228.5
27109,Olmsted,Minnesota,291.2
27111,Otter Tail,Minnesota,197.1
27113,Pennington,Minnesota,157.9
27115,Pine,Minnesota,205.6
27117,Pipestone,Minnesota,130.4
27119,Polk,Minnesota,202.4
27121,Pope,Minnesota,206.6
27123,Ramsey,Minnesota,186.1
27125,Red Lake,Minnesota,170.7
27127,Redwood,Minnesota,199.4
27129,Renville,Minnesota,238
27131,Rice,Minnesota,212.6
27133,Rock,Minnesota,187.8
27135,Roseau,Minnesota,307
27137,St. Louis,Minnesota,253.8
27139,Scott,Minnesota,212.2
27141,Sherburne,Minnesota,245.2
27143,Sibley,Minnesota,351.1
27145,Stearns,Minnesota,176.3
27147,Steele,Minnesota,168.1
27149,Stevens,Minnesota,162.3
27151,Swift,Minnesota,235.9
27153,Todd,Minnesota,142.9
27155,Traverse,Minnesota,228.7
27157,Wabasha,Minnesota,248.5
27159,Wadena,Minnesota,207.7
27161,Waseca,Minnesota,217.6
27163,Washington,Minnesota,177.5
27165,Watonwan,Minnesota,321.7
27167,Wilkin,Minnesota,284.1
27169,Winona,Minnesota,185.7
27171,Wright,Minnesota,259.3
27173,Yellow Medicine,Minnesota,102.4
28001,Adams,Mississippi,273.9
28003,Alcorn,Mississippi,178.8
28005,Amite,Mississippi,511.1
28007,Attala,Mississippi,256.3
28009,Benton,Mississippi,540.3
28011,Bolivar,Mississippi,537.6
28013,Calhoun,Mississippi,401.4
28015,Carroll,Mississippi,512.8
28017,Chickasaw,Mississippi,232.5
28019,Choctaw,Mississippi,177.6
28021,Claiborne,Mississippi,313.7
28023,Clarke,Mississippi,212.7
28025,Clay,Mississippi,388.6
28027,Coahoma,Mississippi,622.3
28029,Copiah,Mississippi,366.4
28031,Covington,Mississippi,301.9
28033,DeSoto,Mississippi,390.7
28035,Forrest,Mississippi,369.4
28037,Franklin,Mississippi,202.7
28039,George,Mississippi,417.2
28041,Greene,Mississippi,209.1
28043,Grenada,Mississippi,182.4
28045,Hancock,Mississippi,259
28047,Harrison,Mississippi,229.1
28049,Hinds,Mississippi,451.8
28051,Holmes,Mississippi,459
28053,Humphreys,Mississippi,584.3
28055,Issaquena,Mississippi,435.1
28057,Itawamba,Mississippi,225.6
28059,Jackson,Mississippi,536.9
28061,Jasper,Mississippi,398.5
28063,Jefferson,Mississippi,447.4
28065,Jefferson Davis,Mississippi,375.6
28067,Jones,Mississippi,317.9
28069,Kemper,Mississippi,308.7
28071,Lafayette,Mississippi,365.7
28073,Lamar,Mississippi,291.5
28075,Lauderdale,Mississippi,31.8
28077,Lawrence,Mississippi,191.5
28079,Leake,Mississippi,339.8
28081,Lee,Mississippi,424.6
28083,Leflore,Mississippi,891.7
28085,Lincoln,Mississippi,474.6
28087,Lowndes,Mississippi,382.2
28089,Madison,Mississippi,388.3
28091,Marion,Mississippi,165.9
28093,Marshall,Mississippi,503.7
28095,Monroe,Mississippi,522.9
28097,Montgomery,Mississippi,433.3
28099,Neshoba,Mississippi,241.5
28101,Newton,Mississippi,287.5
28103,Noxubee,Mississippi,257.7
28105,Oktibbeha,Mississippi,439.7
28107,Panola,Mississippi,771.1
28109,Pearl River,Mississippi,268.5
28111,Perry,Mississippi,524.1
28113,Pike,Mississippi,599.2
28115,Pontotoc,Mississippi,302.3
28117,Prentiss,Mississippi,293.9
28119,Quitman,Mississippi,512.6
28121,Rankin,Mississippi,199.4
28123,Scott,Mississippi,184.3
28125,Sharkey,Mississippi,511.6
28127,Simpson,Mississippi,169.5
28129,Smith,Mississippi,207.2
28131,Stone,Mississippi,284.7
28133,Sunflower,Mississippi,561.9
28135,Tallahatchie,Mississippi,599.3
28137,Tate,Mississippi,781.6
28139,Tippah,Mississippi,299.1
28141,Tishomingo,Mississippi,222.8
28143,Tunica,Mississippi,906
28145,Union,Mississippi,196.4
28147,Walthall,Mississippi,522
28149,Warren,Mississippi,532.6
28151,Washington,Mississippi,497.8
28153,Wayne,Mississippi,469.8
28155,Webster,Mississippi,741.1
28157,Wilkinson,Mississippi,186.5
28159,Winston,Mississippi,264.1
28161,Yalobusha,Mississippi,340.6
28163,Yazoo,Mississippi,514.8
29001,Adair,Missouri,294.2
29003,Andrew,Missouri,180.7
29005,Atchison,Missouri,95.4
29007,Audrain,Missouri,341.6
29009,Barry,Missouri,115.6
29011,Barton,Missouri,147.6
29013,Bates,Missouri,93.8
29015,Benton,Missouri,203.9
29017,Bollinger,Missouri,60.2
29019,Boone,Missouri,234.5
29021,Buchanan,Missouri,249.1
29023,Butler,Missouri,104.8
29025,Caldwell,Missouri,187.4
29027,Callaway,Missouri,224.5
29029,Camden,Missouri,202.6
29031,Cape Girardeau,Missouri,51.9
29033,Carroll,Missouri,203.8
29035,Carter,Missouri,72.6
29037,Cass,Missouri,182.9
29039,Cedar,Missouri,109.5
29041,Chariton,Missouri,184.8
29043,Christian,Missouri,136.3
29045,Clark,Missouri,158
29047,Clay,Missouri,179.3
29049,Clinton,Missouri,266.6
29051,Cole,Missouri,159.3
29053,Cooper,Missouri,117.3
29055,Crawford,Missouri,209.5
29057,Dade,Missouri,161.6
29059,Dallas,Missouri,209.1
29061,Daviess,Missouri,165.3
29063,DeKalb,Missouri,198.3
29065,Dent,Missouri,213.8
29067,Douglas,Missouri,180.7
29069,Dunklin,Missouri,189.5
29071,Franklin,Missouri,229.9
29073,Gasconade,Missouri,229.2
29075,Gentry,Missouri,140.6
29077,Greene,Missouri,200.6
29079,Grundy,Missouri,156.8
29081,Harrison,Missouri,319.7
29083,Henry,Missouri,177
29085,Hickory,Missouri,159
29087,Holt,Missouri,170.3
29089,Howard,Missouri,167.1
29091,Howell,Missouri,199.8
29093,Iron,Missouri,232
29095,Jackson,Missouri,191.9
29097,Jasper,Missouri,121.9
29099,Jefferson,Missouri,235.3
29101,Johnson,Missouri,171.4
29103,Knox,Missouri,274.7
29105,Laclede,Missouri,168.4
29107,Lafayette,Missouri,250.9
29109,Lawrence,Missouri,109.9
29111,Lewis,Missouri,141.1
29113,Lincoln,Missouri,125.8
29115,Linn,Missouri,178.4
29117,Livingston,Missouri,165
29119,McDonald,Missouri,158.4
29121,Macon,Missouri,62.2
29123,Madison,Missouri,327.5
29125,Maries,Missouri,180.5
29127,Marion,Missouri,162.1
29129,Mercer,Missouri,123.7
29131,Miller,Missouri,258.7
29133,Mississippi,Missouri,120.3
29135,Moniteau,Missouri,350.4
29137,Monroe,Missouri,98.7
29139,Montgomery,Missouri,257.2
29141,Morgan,Missouri,223.8
29143,New Madrid,Missouri,215.2
29145,Newton,Missouri,99.1
29147,Nodaway,Missouri,107
29149,Oregon,Missouri,85.2
29151,Osage,Missouri,251.6
29153,Ozark,Missouri,94.1
29155,Pemiscot,Missouri,149.5
29157,Perry,Missouri,147.8
29159,Pettis,Missouri,156.9
29161,Phelps,Missouri,193.4
29163,Pike,Missouri,127
29165,Platte,Missouri,160.7
29167,Polk,Missouri,127.8
29169,Pulaski,Missouri,237
29171,Putnam,Missouri,329.7
29173,Ralls,Missouri,138.1
29175,Randolph,Missouri,142.6
29177,Ray,Missouri,150.7
29179,Reynolds,Missouri,76.3
29181,Ripley,Missouri,133.2
29183,St. Charles,Missouri,147.5
29185,St. Clair,Missouri,99.9
29186,Ste. Genevieve,Missouri,163.6
29187,St. Francois,Missouri,185.8
29189,St. Louis,Missouri,165.7
29195,Saline,Missouri,333.8
29197,Schuyler,Missouri,221.8
29199,Scotland,Missouri,103
29201,Scott,Missouri,106.3
29203,Shannon,Missouri,146.1
29205,Shelby,Missouri,97.2
29207,Stoddard,Missouri,204.8
29209,Stone,Missouri,143.5
29211,Sullivan,Missouri,630.9
29213,Taney,Missouri,47.8
29215,Texas,Missouri,155.9
29217,Vernon,Missouri,115.7
29219,Warren,Missouri,176.4
29221,Washington,Missouri,207.7
29223,Wayne,Missouri,214.9
29225,Webster,Missouri,105.5
29227,Worth,Missouri,205.6
29229,Wright,Missouri,162.6
29510,St. Louis City,Missouri,266.1
30001,Beaverhead,Montana,80.7
30003,Big Horn,Montana,224.5
30005,Blaine,Montana,184.6
30007,Broadwater,Montana,179.6
30009,Carbon,Montana,151.9
30011,Carter,Montana,243.6
30013,Cascade,Montana,254.3
30015,Chouteau,Montana,230.3
30017,Custer,Montana,150.8
30019,Daniels,Montana,266.8
30021,Dawson,Montana,84.2
30023,Deer Lodge,Montana,187.8
30025,Fallon,Montana,377.6
30027,Fergus,Montana,183.4
30029,Flathead,Montana,74.7
30031,Gallatin,Montana,69.5
30033,Garfield,Montana,151.2
30035,Glacier,Montana,186.2
30037,Golden Valley,Montana,215.4
30039,Granite,Montana,96.9
30041,Hill,Montana,191.8
30043,Jefferson,Montana,160.5
30045,Judith Basin,Montana,225
30047,Lake,Montana,89
30049,Lewis and Clark,Montana,165
30051,Liberty,Montana,214.6
30053,Lincoln,Montana,88.2
30055,McCone,Montana,139.8
30057,Madison,Montana,68
30059,Meagher,Montana,96.5
30061,Mineral,Montana,134.7
30063,Missoula,Montana,142.9
30065,Musselshell,Montana,208
30067,Park,Montana,54
30069,Petroleum,Montana,155.8
30071,Phillips,Montana,191.5
30073,Pondera,Montana,202
30075,Powder River,Montana,138.3
30077,Powell,Montana,171
30079,Prairie,Montana,237.1
30081,Ravalli,Montana,98.9
30083,Richland,Montana,150.4
30085,Roosevelt,Montana,281.6
30087,Rosebud,Montana,191.6
30089,Sanders,Montana,103.4
30091,Sheridan,Montana,314.9
30093,Silver Bow,Montana,170.2
30095,Stillwater,Montana,265
30097,Sweet Grass,Montana,190.4
30099,Teton,Montana,168.7
30101,Toole,Montana,228
30103,Treasure,Montana,215.3
30105,Valley,Montana,234.2
30107,Wheatland,Montana,160.9
30109,Wibaux,Montana,182.1
30111,Yellowstone,Montana,217.9
31001,Adams,Nebraska,91.4
31003,Antelope,Nebraska,268.4
31005,Arthur,Nebraska,87.3
31007,Banner,Nebraska,186.9
31009,Blaine,Nebraska,193.4
31011,Boone,Nebraska,160.1
31013,Box Butte,Nebraska,269.9
31015,Boyd,Nebraska,147.7
31017,Brown,Nebraska,144.2
31019,Buffalo,Nebraska,234.4
31021,Burt,Nebraska,287.8
31023,Butler,Nebraska,230.9
31025,Cass,Nebraska,242.2
31027,Cedar,Nebraska,214.2
31029,Chase,Nebraska,358.1
31031,Cherry,Nebraska,154
31033,Cheyenne,Nebraska,249.9
31035,Clay,Nebraska,172.4
31037,Colfax,Nebraska,279.3
31039,Cuming,Nebraska,133.1
31041,Custer,Nebraska,232.5
31043,Dakota,Nebraska,240.9
31045,Dawes,Nebraska,274.9
31047,Dawson,Nebraska,178.9
31049,Deuel,Nebraska,130.2
31051,Dixon,Nebraska,200.8
31053,Dodge,Nebraska,228.4
31055,Douglas,Nebraska,245.4
31057,Dundy,Nebraska,315.2
31059,Fillmore,Nebraska,233.8
31061,Franklin,Nebraska,121.1
31063,Frontier,Nebraska,171.4
31065,Furnas,Nebraska,248.2
31067,Gage,Nebraska,228.1
31069,Garden,Nebraska,159.4
31071,Garfield,Nebraska,306.3
31073,Gosper,Nebraska,140.9
31075,Grant,Nebraska,134.8
31077,Greeley,Nebraska,138.9
31079,Hall,Nebraska,226.8
31081,Hamilton,Nebraska,190.8
31083,Harlan,Nebraska,183
31085,Hayes,Nebraska,156.2
31087,Hitchcock,Nebraska,174.3
31089,Holt,Nebraska,142.3
31091,Hooker,Nebraska,102.5
31093,Howard,Nebraska,203.3
31095,Jefferson,Nebraska,168.3
31097,Johnson,Nebraska,236.4
31099,Kearney,Nebraska,215.6
31101,Keith,Nebraska,124.5
31103,Keya Paha,Nebraska,151.4
31105,Kimball,Nebraska,175.7
31107,Knox,Nebraska,200.8
31109,Lancaster,Nebraska,235.1
31111,Lincoln,Nebraska,176
31113,Logan,Nebraska,186
31115,Loup,Nebraska,190.3
31117,McPherson,Nebraska,149.1
31119,Madison,Nebraska,275.4
31121,Merrick,Nebraska,157
31123,Morrill,Nebraska,270.4
31125,Nance,Nebraska,145.4
31127,Nemaha,Nebraska,196.7
31129,Nuckolls,Nebraska,229.5
31131,Otoe,Nebraska,237.4
31133,Pawnee,Nebraska,243.2
31135,Perkins,Nebraska,107.3
31137,Phelps,Nebraska,193.2
31139,Pierce,Nebraska,257.3
31141,Platte,Nebraska,160.3
31143,Polk,Nebraska,208.8
31145,Red Willow,Nebraska,186.5
31147,Richardson,Nebraska,240.1
31149,Rock,Nebraska,134
31151,Saline,Nebraska,235.3
31153,Sarpy,Nebraska,216.2
31155,Saunders,Nebraska,223.4
31157,Scotts Bluff,Nebraska,254.7
31159,Seward,Nebraska,233.6
31161,Sheridan,Nebraska,252.9
31163,Sherman,Nebraska,225.7
31165,Sioux,Nebraska,227
31167,Stanton,Nebraska,249.4
31169,Thayer,Nebraska,292.3
31171,Thomas,Nebraska,111.5
31173,Thurston,Nebraska,224.8
31175,Valley,Nebraska,209.1
31177,Washington,Nebraska,367.7
31179,Wayne,Nebraska,190.4
31181,Webster,Nebraska,182.5
31183,Wheeler,Nebraska,160.2
31185,York,Nebraska,224.1
32001,Churchill,Nevada,269.4
32003,Clark,Nevada,143.4
32005,Douglas,Nevada,163.5
32007,Elko,Nevada,151.6
32009,Esmeralda,Nevada,190.6
32011,Eureka,Nevada,168.9
32013,Humboldt,Nevada,198.4
32015,Lander,Nevada,210.8
32017,Lincoln,Nevada,144.3
32019,Lyon,Nevada,227.2
32021,Mineral,Nevada,237.2
32023,Nye,Nevada,147.4
32027,Pershing,Nevada,263.6
32029,Storey,Nevada,262.4
32031,Washoe,Nevada,287.9
32033,White Pine,Nevada,167.4
32510,Carson City,Nevada,276
33001,Belknap,New Hampshire,148.7
33003,Carroll,New Hampshire,154
33005,Cheshire,New Hampshire,221.6
33007,Coos,New Hampshire,229.8
33009,Grafton,New Hampshire,153.5
33011,Hillsborough,New Hampshire,161.4
33013,Merrimack,New Hampshire,170
33015,Rockingham,New Hampshire,157.5
33017,Strafford,New Hampshire,195.1
33019,Sullivan,New Hampshire,205.3
34001,Atlantic,New Jersey,240.2
34003,Bergen,New Jersey,161.7
34005,Burlington,New Jersey,179
34007,Camden,New Jersey,217.2
34009,Cape May,New Jersey,313.5
34011,Cumberland,New Jersey,367
34013,Essex,New Jersey,258.4
34015,Gloucester,New Jersey,226.3
34017,Hudson,New Jersey,260
34019,Hunterdon,New Jersey,199.9
34021,Mercer,New Jersey,252.9
34023,Middlesex,New Jersey,187.4
34025,Monmouth,New Jersey,185.7
34027,Morris,New Jersey,191.1
34029,Ocean,New Jersey,153.7
34031,Passaic,New Jersey,246.8
34033,Salem,New Jersey,323.1
34035,Somerset,New Jersey,227.7
34037,Sussex,New Jersey,268.4
34039,Union,New Jersey,203.1
34041,Warren,New Jersey,227.8
35001,Bernalillo,New Mexico,223.7
35003,Catron,New Mexico,207.7
35005,Chaves,New Mexico,307.5
35006,Cibola,New Mexico,323.6
35007,Colfax,New Mexico,202.7
35009,Curry,New Mexico,254.4
35011,De Baca,New Mexico,273.6
35013,Dona Ana,New Mexico,187.4
35015,Eddy,New Mexico,210.7
35017,Grant,New Mexico,147.7
35019,Guadalupe,New Mexico,211.6
35021,Harding,New Mexico,221
35023,Hidalgo,New Mexico,165.5
35025,Lea,New Mexico,201.7
35027,Lincoln,New Mexico,171.3
35028,Los Alamos,New Mexico,167.9
35029,Luna,New Mexico,179.5
35031,McKinley,New Mexico,276.3
35033,Mora,New Mexico,213.5
35035,Otero,New Mexico,207.1
35037,Quay,New Mexico,262.1
35039,Rio Arriba,New Mexico,234.3
35041,Roosevelt,New Mexico,228.7
35043,Sandoval,New Mexico,195.5
35045,San Juan,New Mexico,161.9
35047,San Miguel,New Mexico,222.1
35049,Santa Fe,New Mexico,197.7
35051,Sierra,New Mexico,181
35053,Socorro,New Mexico,267.4
35055,Taos,New Mexico,132
35057,Torrance,New Mexico,225.9
35059,Union,New Mexico,164.4
35061,Valencia,New Mexico,221.5
36001,Albany,New York,142.7
36003,Allegany,New York,201.3
36005,Bronx,New York,398.8
36007,Broome,New York,196.3
36009,Cattaraugus,New York,254.3
36011,Cayuga,New York,169.8
36013,Chautauqua,New York,263.7
36015,Chemung,New York,191.2
36017,Chenango,New York,220
36019,Clinton,New York,139.2
36021,Columbia,New York,171
36023,Cortland,New York,186.1
36025,Delaware,New York,231.3
36027,Dutchess,New York,182.6
36029,Erie,New York,228.8
36031,Essex,New York,193.4
36033,Franklin,New York,167.3
36035,Fulton,New York,185.4
36037,Genesee,New York,195.6
36039,Greene,New York,143.9
36041,Hamilton,New York,179.8
36043,Herkimer,New York,282.6
36045,Jefferson,New York,201.9
36047,Kings,New York,294.8
36049,Lewis,New York,235.3
36051,Livingston,New York,159.3
36053,Madison,New York,232.6
36055,Monroe,New York,137.6
36057,Montgomery,New York,227.8
36059,Nassau,New York,157.4
36061,New York,New York,222.4
36063,Niagara,New York,228.2
36065,Oneida,New York,262.2
36067,Onondaga,New York,204.4
36069,Ontario,New York,137
36071,Orange,New York,199.5
36073,Orleans,New York,209.1
36075,Oswego,New York,217.8
36077,Otsego,New York,153.9
36079,Putnam,New York,115.7
36081,Queens,New York,246.2
36083,Rensselaer,New York,200.3
36085,Richmond,New York,218
36087,Rockland,New York,174.2
36089,St. Lawrence,New York,196.7
36091,Saratoga,New York,160.3
36093,Schenectady,New York,173.9
36095,Schoharie,New York,168.8
36097,Schuyler,New York,194.6
36099,Seneca,New York,133.4
36101,Steuben,New York,162.6
36103,Suffolk,New York,186.6
36105,Sullivan,New York,236.5
36107,Tioga,New York,155.8
36109,Tompkins,New York,129.8
36111,Ulster,New York,142.7
36113,Warren,New York,179.8
36115,Washington,New York,209.5
36117,Wayne,New York,128.5
36119,Westchester,New York,124.1
36121,Wyoming,New York,252
36123,Yates,New York,188
37001,Alamance,North Carolina,228.4
37003,Alexander,North Carolina,187.8
37005,Alleghany,North Carolina,166.7
37007,Anson,North Carolina,279.4
37009,Ashe,North Carolina,349
37011,Avery,North Carolina,163.5
37013,Beaufort,North Carolina,411.2
37015,Bertie,North Carolina,487.4
37017,Bladen,North Carolina,402.6
37019,Brunswick,North Carolina,208.2
37021,Buncombe,North Carolina,162.1
37023,Burke,North Carolina,244.1
37025,Cabarrus,North Carolina,233.1
37027,Caldwell,North Carolina,201.6
37029,Camden,North Carolina,190.4
37031,Carteret,North Carolina,176
37033,Caswell,North Carolina,285.1
37035,Catawba,North Carolina,193.3
37037,Chatham,North Carolina,130
37039,Cherokee,North Carolina,182.7
37041,Chowan,North Carolina,359.8
37043,Clay,North Carolina,276.1
37045,Cleveland,North Carolina,292.7
37047,Columbus,North Carolina,321.2
37049,Craven,North Carolina,286.3
37051,Cumberland,North Carolina,360.2
37053,Currituck,North Carolina,169.2
37055,Dare,North Carolina,190.3
37057,Davidson,North Carolina,233.3
37059,Davie,North Carolina,199.9
37061,Duplin,North Carolina,308
37063,Durham,North Carolina,156.2
37065,Edgecombe,North Carolina,463.6
37067,Forsyth,North Carolina,214.4
37069,Franklin,North Carolina,231.6
37071,Gaston,North Carolina,234.4
37073,Gates,North Carolina,375.8
37075,Graham,North Carolina,197.1
37077,Granville,North Carolina,216.7
37079,Greene,North Carolina,459.3
37081,Guilford,North Carolina,227.6
37083,Halifax,North Carolina,428.9
37085,Harnett,North Carolina,310
37087,Haywood,North Carolina,253.1
37089,Henderson,North Carolina,147.2
37091,Hertford,North Carolina,506.9
37093,Hoke,North Carolina,384.2
37095,Hyde,North Carolina,502.5
37097,Iredell,North Carolina,212.6
37099,Jackson,North Carolina,206.9
37101,Johnston,North Carolina,151.6
37103,Jones,North Carolina,302
37105,Lee,North Carolina,252.6
37107,Lenoir,North Carolina,468.1
37109,Lincoln,North Carolina,195.7
37111,McDowell,North Carolina,169
37113,Macon,North Carolina,209.1
37115,Madison,North Carolina,172.8
37117,Martin,North Carolina,442.5
37119,Mecklenburg,North Carolina,122.5
37121,Mitchell,North Carolina,163.8
37123,Montgomery,North Carolina,289.4
37125,Moore,North Carolina,163
37127,Nash,North Carolina,260.4
37129,New Hanover,North Carolina,126.5
37131,Northampton,North Carolina,434.7
37133,Onslow,North Carolina,318.4
37135,Orange,North Carolina,153.6
37137,Pamlico,North Carolina,269.2
37139,Pasquotank,North Carolina,253.8
37141,Pender,North Carolina,212.1
37143,Perquimans,North Carolina,253.1
37145,Person,North Carolina,287.3
37147,Pitt,North Carolina,430.6
37149,Polk,North Carolina,164.1
37151,Randolph,North Carolina,249.5
37153,Richmond,North Carolina,346.6
37155,Robeson,North Carolina,440.5
37157,Rockingham,North Carolina,295.7
37159,Rowan,North Carolina,218.2
37161,Rutherford,North Carolina,254.9
37163,Sampson,North Carolina,349.3
37165,Scotland,North Carolina,424.1
37167,Stanly,North Carolina,298.6
37169,Stokes,North Carolina,194.5
37171,Surry,North Carolina,218.7
37173,Swain,North Carolina,256.2
37175,Transylvania,North Carolina,115.7
37177,Tyrrell,North Carolina,472.7
37179,Union,North Carolina,129.2
37181,Vance,North Carolina,231.8
37183,Wake,North Carolina,161.6
37185,Warren,North Carolina,235
37187,Washington,North Carolina,462.1
37189,Watauga,North Carolina,185.1
37191,Wayne,North Carolina,291.3
37193,Wilkes,North Carolina,310.4
37195,Wilson,North Carolina,324.6
37197,Yadkin,North Carolina,188.2
37199,Yancey,North Carolina,162.4
38001,Adams,North Dakota,173.2
38003,Barnes,North Dakota,202.7
38005,Benson,North Dakota,418.7
38007,Billings,North Dakota,199
38009,Bottineau,North Dakota,318.3
38011,Bowman,North Dakota,141
38013,Burke,North Dakota,253.5
38015,Burleigh,North Dakota,138.9
38017,Cass,North Dakota,218.4
38019,Cavalier,North Dakota,341
38021,Dickey,North Dakota,248.4
38023,Divide,North Dakota,325.6
38025,Dunn,North Dakota,200
38027,Eddy,North Dakota,134.3
38029,Emmons,North Dakota,144.4
38031,Foster,North Dakota,165.4
38033,Golden Valley,North Dakota,86.1
38035,Grand Forks,North Dakota,212.2
38037,Grant,North Dakota,245.1
38039,Griggs,North Dakota,179.9
38041,Hettinger,North Dakota,231.8
38043,Kidder,North Dakota,132.5
38045,LaMoure,North Dakota,183.1
38047,Logan,North Dakota,189.5
38049,McHenry,North Dakota,323
38051,McIntosh,North Dakota,193.1
38053,McKenzie,North Dakota,157.3
38055,McLean,North Dakota,221.9
38057,Mercer,North Dakota,138.1
38059,Morton,North Dakota,160.5
38061,Mountrail,North Dakota,223.4
38063,Nelson,North Dakota,326.1
38065,Oliver,North Dakota,138.9
38067,Pembina,North Dakota,265.1
38069,Pierce,North Dakota,365.8
38071,Ramsey,North Dakota,397.5
38073,Ransom,North Dakota,225.1
38075,Renville,North Dakota,232.9
38077,Richland,North Dakota,232.9
38079,Rolette,North Dakota,342.9
38081,Sargent,North Dakota,220.5
38083,Sheridan,North Dakota,99.4
38085,Sioux,North Dakota,161.3
38087,Slope,North Dakota,217.3
38089,Stark,North Dakota,264.4
38091,Steele,North Dakota,188.5
38093,Stutsman,North Dakota,214.7
38095,Towner,North Dakota,391.7
38097,Traill,North Dakota,159
38099,Walsh,North Dakota,343.4
38101,Ward,North Dakota,237.3
38103,Wells,North Dakota,187.9
38105,Williams,North Dakota,318.8
39001,Adams,Ohio,251.3
39003,Allen,Ohio,286.7
39005,Ashland,Ohio,484.1
39007,Ashtabula,Ohio,312.4
39009,Athens,Ohio,270.9
39011,Auglaize,Ohio,265.5
39013,Belmont,Ohio,259.5
39015,Brown,Ohio,178.4
39017,Butler,Ohio,247.2
39019,Carroll,Ohio,297.6
39021,Champaign,Ohio,262.1
39023,Clark,Ohio,294.4
39025,Clermont,Ohio,178.4
39027,Clinton,Ohio,247.7
39029,Columbiana,Ohio,328.6
39031,Coshocton,Ohio,153.1
39033,Crawford,Ohio,238.9
39035,Cuyahoga,Ohio,300
39037,Darke,Ohio,247.5
39039,Defiance,Ohio,394.7
39041,Delaware,Ohio,169.4
39043,Erie,Ohio,240.2
39045,Fairfield,Ohio,293.7
39047,Fayette,Ohio,259.2
39049,Franklin,Ohio,273.8
39051,Fulton,Ohio,233.8
39053,Gallia,Ohio,256.3
39055,Geauga,Ohio,218.6
39057,Greene,Ohio,282.2
39059,Guernsey,Ohio,285.9
39061,Hamilton,Ohio,266
39063,Hancock,Ohio,205.7
39065,Hardin,Ohio,425.3
39067,Harrison,Ohio,272.2
39069,Henry,Ohio,289.5
39071,Highland,Ohio,156.4
39073,Hocking,Ohio,264.3
39075,Holmes,Ohio,247.5
39077,Huron,Ohio,321.4
39079,Jackson,Ohio,256.7
39081,Jefferson,Ohio,256.9
39083,Knox,Ohio,290.5
39085,Lake,Ohio,240.3
39087,Lawrence,Ohio,248.7
39089,Licking,Ohio,336
39091,Logan,Ohio,345.3
39093,Lorain,Ohio,297.3
39095,Lucas,Ohio,280.7
39097,Madison,Ohio,273.7
39099,Mahoning,Ohio,255.4
39101,Marion,Ohio,459.8
39103,Medina,Ohio,196.1
39105,Meigs,Ohio,266.9
39107,Mercer,Ohio,286.9
39109,Miami,Ohio,305.4
39111,Monroe,Ohio,269.6
39113,Montgomery,Ohio,335.3
39115,Morgan,Ohio,257.7
39117,Morrow,Ohio,294.1
39119,Muskingum,Ohio,157.9
39121,Noble,Ohio,208.9
39123,Ottawa,Ohio,244.8
39125,Paulding,Ohio,338.2
39127,Perry,Ohio,353.2
39129,Pickaway,Ohio,273.3
39131,Pike,Ohio,174.4
39133,Portage,Ohio,270.7
39135,Preble,Ohio,321.5
39137,Putnam,Ohio,225.9
39139,Richland,Ohio,390.9
39141,Ross,Ohio,219.6
39143,Sandusky,Ohio,301
39145,Scioto,Ohio,276.8
39147,Seneca,Ohio,255.5
39149,Shelby,Ohio,303.7
39151,Stark,Ohio,289.7
39153,Summit,Ohio,272.3
39155,Trumbull,Ohio,274.5
39157,Tuscarawas,Ohio,279.4
39159,Union,Ohio,230.7
39161,Van Wert,Ohio,282.6
39163,Vinton,Ohio,254.5
39165,Warren,Ohio,241.8
39167,Washington,Ohio,231.4
39169,Wayne,Ohio,279
39171,Williams,Ohio,265.6
39173,Wood,Ohio,275.5
39175,Wyandot,Ohio,199.8
40001,Adair,Oklahoma,353.6
40003,Alfalfa,Oklahoma,438.9
40005,Atoka,Oklahoma,319.5
40007,Beaver,Oklahoma,126
40009,Beckham,Oklahoma,350
40011,Blaine,Oklahoma,331.5
40013,Bryan,Oklahoma,305.8
40015,Caddo,Oklahoma,435.4
40017,Canadian,Oklahoma,337.5
40019,Carter,Oklahoma,462.1
40021,Cherokee,Oklahoma,420.2
40023,Choctaw,Oklahoma,310.1
40025,Cimarron,Oklahoma,176.6
40027,Cleveland,Oklahoma,338.8
40029,Coal,Oklahoma,344.3
40031,Comanche,Oklahoma,478.4
40033,Cotton,Oklahoma,525.2
40035,Craig,Oklahoma,534.1
40037,Creek,Oklahoma,415.9
40039,Custer,Oklahoma,376.7
40041,Delaware,Oklahoma,309.3
40043,Dewey,Oklahoma,326.2
40045,Ellis,Oklahoma,248.2
40047,Garfield,Oklahoma,385.7
40049,Garvin,Oklahoma,423.2
40051,Grady,Oklahoma,408.6
40053,Grant,Oklahoma,430.6
40055,Greer,Oklahoma,341.5
40057,Harmon,Oklahoma,343.8
40059,Harper,Oklahoma,200.7
40061,Haskell,Oklahoma,339.5
40063,Hughes,Oklahoma,395.9
40065,Jackson,Oklahoma,349.1
40067,Jefferson,Oklahoma,470.3
40069,Johnston,Oklahoma,357.4
40071,Kay,Oklahoma,393.3
40073,Kingfisher,Oklahoma,385.6
40075,Kiowa,Oklahoma,377.2
40077,Latimer,Oklahoma,352.3
40079,Le Flore,Oklahoma,328.7
40081,Lincoln,Oklahoma,373.1
40083,Logan,Oklahoma,362.6
40085,Love,Oklahoma,375.4
40087,McClain,Oklahoma,424.8
40089,McCurtain,Oklahoma,389.3
40091,McIntosh,Oklahoma,455.8
40093,Major,Oklahoma,375.1
40095,Marshall,Oklahoma,409.4
40097,Mayes,Oklahoma,382.8
40099,Murray,Oklahoma,416.7
40101,Muskogee,Oklahoma,574.4
40103,Noble,Oklahoma,368.7
40105,Nowata,Oklahoma,406.3
40107,Okfuskee,Oklahoma,470.8
40109,Oklahoma,Oklahoma,418
40111,Okmulgee,Oklahoma,455.6
40113,Osage,Oklahoma,340.2
40115,Ottawa,Oklahoma,323.6
40117,Pawnee,Oklahoma,396.9
40119,Payne,Oklahoma,347.2
40121,Pittsburg,Oklahoma,366.9
40123,Pontotoc,Oklahoma,415.9
40125,Pottawatomie,Oklahoma,472
40127,Pushmataha,Oklahoma,359.3
40129,Roger Mills,Oklahoma,350.4
40131,Rogers,Oklahoma,374
40133,Seminole,Oklahoma,493.6
40135,Sequoyah,Oklahoma,348.5
40137,Stephens,Oklahoma,481
40139,Texas,Oklahoma,205.4
40141,Tillman,Oklahoma,495.3
40143,Tulsa,Oklahoma,392.7
40145,Wagoner,Oklahoma,358.2
40147,Washington,Oklahoma,375.1
40149,Washita,Oklahoma,340.2
40151,Woods,Oklahoma,241.4
40153,Woodward,Oklahoma,279.1
41001,Baker,Oregon,151.7
41003,Benton,Oregon,167.2
41005,Clackamas,Oregon,191.7
41007,Clatsop,Oregon,172.4
41009,Columbia,Oregon,176.3
41011,Coos,Oregon,240.9
41013,Crook,Oregon,209.7
41015,Curry,Oregon,218.7
41017,Deschutes,Oregon,204.4
41019,Douglas,Oregon,318.8
41021,Gilliam,Oregon,193.3
41023,Grant,Oregon,193.9
41025,Harney,Oregon,241.4
41027,Hood River,Oregon,190.1
41029,Jackson,Oregon,207.8
41031,Jefferson,Oregon,253.8
41033,Josephine,Oregon,245
41035,Klamath,Oregon,273.7
41037,Lake,Oregon,246.2
41039,Lane,Oregon,244.7
41041,Lincoln,Oregon,198
41043,Linn,Oregon,267.5
41045,Malheur,Oregon,200.1
41047,Marion,Oregon,236.9
41049,Morrow,Oregon,212.7
41051,Multnomah,Oregon,198.7
41053,Polk,Oregon,233.7
41055,Sherman,Oregon,250.4
41057,Tillamook,Oregon,195.2
41059,Umatilla,Oregon,292.9
41061,Union,Oregon,198
41063,Wallowa,Oregon,166.5
41065,Wasco,Oregon,263.3
41067,Washington,Oregon,175.8
41069,Wheeler,Oregon,229.7
41071,Yamhill,Oregon,224.7
42001,Adams,Pennsylvania,178.3
42003,Allegheny,Pennsylvania,163.6
42005,Armstrong,Pennsylvania,163.7
42007,Beaver,Pennsylvania,167.7
42009,Bedford,Pennsylvania,141.2
42011,Berks,Pennsylvania,183.4
42013,Blair,Pennsylvania,223.6
42015,Bradford,Pennsylvania,189.1
42017,Bucks,Pennsylvania,119.5
42019,Butler,Pennsylvania,157.3
42021,Cambria,Pennsylvania,205.5
42023,Cameron,Pennsylvania,199.5
42025,Carbon,Pennsylvania,290.8
42027,Centre,Pennsylvania,159.3
42029,Chester,Pennsylvania,117.3
42031,Clarion,Pennsylvania,157.4
42033,Clearfield,Pennsylvania,211.1
42035,Clinton,Pennsylvania,180.2
42037,Columbia,Pennsylvania,128.6
42039,Crawford,Pennsylvania,180.3
42041,Cumberland,Pennsylvania,144.5
42043,Dauphin,Pennsylvania,194.6
42045,Delaware,Pennsylvania,169.6
42047,Elk,Pennsylvania,188.8
42049,Erie,Pennsylvania,159.3
42051,Fayette,Pennsylvania,361.7
42053,Forest,Pennsylvania,170.6
42055,Franklin,Pennsylvania,261.1
42057,Fulton,Pennsylvania,230
42059,Greene,Pennsylvania,228.5
42061,Huntingdon,Pennsylvania,214.4
42063,Indiana,Pennsylvania,208.4
42065,Jefferson,Pennsylvania,176.7
42067,Juniata,Pennsylvania,236.1
42069,Lackawanna,Pennsylvania,136.5
42071,Lancaster,Pennsylvania,153.3
42073,Lawrence,Pennsylvania,202.3
42075,Lebanon,Pennsylvania,141.9
42077,Lehigh,Pennsylvania,184
42079,Luzerne,Pennsylvania,246.8
42081,Lycoming,Pennsylvania,297.8
42083,McKean,Pennsylvania,107
42085,Mercer,Pennsylvania,177.6
42087,Mifflin,Pennsylvania,190.1
42089,Monroe,Pennsylvania,238.4
42091,Montgomery,Pennsylvania,134.5
42093,Montour,Pennsylvania,81.6
42095,Northampton,Pennsylvania,193.8
42097,Northumberland,Pennsylvania,136.9
42099,Perry,Pennsylvania,152.8
42101,Philadelphia,Pennsylvania,251.9
42103,Pike,Pennsylvania,183.5
42105,Potter,Pennsylvania,109.9
42107,Schuylkill,Pennsylvania,321.3
42109,Snyder,Pennsylvania,99.3
42111,Somerset,Pennsylvania,180.1
42113,Sullivan,Pennsylvania,347.2
42115,Susquehanna,Pennsylvania,292.8
42117,Tioga,Pennsylvania,146.2
42119,Union,Pennsylvania,128.5
42121,Venango,Pennsylvania,243.9
42123,Warren,Pennsylvania,302.8
42125,Washington,Pennsylvania,213.3
42127,Wayne,Pennsylvania,181.5
42129,Westmoreland,Pennsylvania,164.8
42131,Wyoming,Pennsylvania,272.4
42133,York,Pennsylvania,176.1
44001,Bristol, RhodeIsland,172.5
44003,Kent, RhodeIsland,272.9
44005,Newport, RhodeIsland,180.9
44007,Providence, RhodeIsland,270
44009,Washington, RhodeIsland,207
45001,Abbeville,South Carolina,148.5
45003,Aiken,South Carolina,201.9
45005,Allendale,South Carolina,483.1
45007,Anderson,South Carolina,284.2
45009,Bamberg,South Carolina,354.4
45011,Barnwell,South Carolina,242.9
45013,Beaufort,South Carolina,152.4
45015,Berkeley,South Carolina,140.3
45017,Calhoun,South Carolina,357.9
45019,Charleston,South Carolina,236.4
45021,Cherokee,South Carolina,122.4
45023,Chester,South Carolina,365.2
45025,Chesterfield,South Carolina,210.3
45027,Clarendon,South Carolina,256.7
45029,Colleton,South Carolina,398.8
45031,Darlington,South Carolina,201.3
45033,Dillon,South Carolina,241.4
45035,Dorchester,South Carolina,302.4
45037,Edgefield,South Carolina,275.1
45039,Fairfield,South Carolina,300.9
45041,Florence,South Carolina,268.2
45043,Georgetown,South Carolina,259.6
45045,Greenville,South Carolina,179.9
45047,Greenwood,South Carolina,209.2
45049,Hampton,South Carolina,415.6
45051,Horry,South Carolina,139.5
45053,Jasper,South Carolina,270.1
45055,Kershaw,South Carolina,237.7
45057,Lancaster,South Carolina,181.9
45059,Laurens,South Carolina,361.3
45061,Lee,South Carolina,263.1
45063,Lexington,South Carolina,158.1
45065,McCormick,South Carolina,230.6
45067,Marion,South Carolina,252.4
45069,Marlboro,South Carolina,225.9
45071,Newberry,South Carolina,221.1
45073,Oconee,South Carolina,215.8
45075,Orangeburg,South Carolina,384.3
45077,Pickens,South Carolina,207.5
45079,Richland,South Carolina,277.6
45081,Saluda,South Carolina,239
45083,Spartanburg,South Carolina,213.3
45085,Sumter,South Carolina,256.5
45087,Union,South Carolina,331.7
45089,Williamsburg,South Carolina,294.5
45091,York,South Carolina,334.6
46003,Aurora,South Dakota,255.7
46005,Beadle,South Dakota,259.4
46007,Bennett,South Dakota,219.5
46009,Bon Homme,South Dakota,239.3
46011,Brookings,South Dakota,267.4
46013,Brown,South Dakota,207.5
46015,Brule,South Dakota,137.9
46017,Buffalo,South Dakota,131.9
46019,Butte,South Dakota,168.5
46021,Campbell,South Dakota,163.9
46023,Charles Mix,South Dakota,254.6
46025,Clark,South Dakota,234.1
46027,Clay,South Dakota,161
46029,Codington,South Dakota,207.9
46031,Corson,South Dakota,165.7
46033,Custer,South Dakota,250
46035,Davison,South Dakota,319.6
46037,Day,South Dakota,205.5
46039,Deuel,South Dakota,214.8
46041,Dewey,South Dakota,172.8
46043,Douglas,South Dakota,243.1
46045,Edmunds,South Dakota,211.4
46047,Fall River,South Dakota,285.4
46049,Faulk,South Dakota,199.9
46051,Grant,South Dakota,276
46053,Gregory,South Dakota,246.2
46055,Haakon,South Dakota,215.7
46057,Hamlin,South Dakota,247.2
46059,Hand,South Dakota,217.3
46061,Hanson,South Dakota,264.1
46063,Harding,South Dakota,198.9
46065,Hughes,South Dakota,128.8
46067,Hutchinson,South Dakota,233.3
46069,Hyde,South Dakota,149
46071,Jackson,South Dakota,254.5
46073,Jerauld,South Dakota,212.1
46075,Jones,South Dakota,137.9
46077,Kingsbury,South Dakota,258.2
46079,Lake,South Dakota,209.9
46081,Lawrence,South Dakota,202.6
46083,Lincoln,South Dakota,160.3
46085,Lyman,South Dakota,119.3
46087,McCook,South Dakota,227.4
46089,McPherson,South Dakota,282.9
46091,Marshall,South Dakota,212.7
46093,Meade,South Dakota,160.5
46095,Mellette,South Dakota,150.4
46097,Miner,South Dakota,199.8
46099,Minnehaha,South Dakota,218.6
46101,Moody,South Dakota,212
46103,Pennington,South Dakota,261.8
46105,Perkins,South Dakota,149
46107,Potter,South Dakota,197.5
46109,Roberts,South Dakota,245.5
46111,Sanborn,South Dakota,299.5
46115,Spink,South Dakota,212.9
46117,Stanley,South Dakota,147.5
46119,Sully,South Dakota,147.1
46121,Todd,South Dakota,153.3
46123,Tripp,South Dakota,127.7
46125,Turner,South Dakota,165.2
46127,Union,South Dakota,225
46129,Walworth,South Dakota,171.9
46135,Yankton,South Dakota,224.8
46137,Ziebach,South Dakota,224.6
47001,Anderson,Tennessee,311.6
47003,Bedford,Tennessee,393.6
47005,Benton,Tennessee,336.6
47007,Bledsoe,Tennessee,209.9
47009,Blount,Tennessee,246.4
47011,Bradley,Tennessee,131.2
47013,Campbell,Tennessee,413.3
47015,Cannon,Tennessee,353.2
47017,Carroll,Tennessee,299.8
47019,Carter,Tennessee,226.9
47021,Cheatham,Tennessee,262
47023,Chester,Tennessee,316.6
47025,Claiborne,Tennessee,130.3
47027,Clay,Tennessee,288.1
47029,Cocke,Tennessee,250.8
47031,Coffee,Tennessee,304.4
47033,Crockett,Tennessee,336
47035,Cumberland,Tennessee,249.9
47037,Davidson,Tennessee,292.1
47039,Decatur,Tennessee,230.7
47041,DeKalb,Tennessee,216.4
47043,Dickson,Tennessee,245
47045,Dyer,Tennessee,345.3
47047,Fayette,Tennessee,277.1
47049,Fentress,Tennessee,272
47051,Franklin,Tennessee,295.2
47053,Gibson,Tennessee,381
47055,Giles,Tennessee,288.4
47057,Grainger,Tennessee,221.3
47059,Greene,Tennessee,260.5
47061,Grundy,Tennessee,288.5
47063,Hamblen,Tennessee,225
47065,Hamilton,Tennessee,205
47067,Hancock,Tennessee,305.6
47069,Hardeman,Tennessee,350.3
47071,Hardin,Tennessee,153.1
47073,Hawkins,Tennessee,337.2
47075,Haywood,Tennessee,287.9
47077,Henderson,Tennessee,340.2
47079,Henry,Tennessee,268.6
47081,Hickman,Tennessee,152.3
47083,Houston,Tennessee,309.8
47085,Humphreys,Tennessee,235.5
47087,Jackson,Tennessee,251.7
47089,Jefferson,Tennessee,206.5
47091,Johnson,Tennessee,176.3
47093,Knox,Tennessee,317.2
47095,Lake,Tennessee,254
47097,Lauderdale,Tennessee,361.1
47099,Lawrence,Tennessee,256.9
47101,Lewis,Tennessee,163.8
47103,Lincoln,Tennessee,140.7
47105,Loudon,Tennessee,287
47107,McMinn,Tennessee,203.3
47109,McNairy,Tennessee,268
47111,Macon,Tennessee,386.2
47113,Madison,Tennessee,287.5
47115,Marion,Tennessee,273.4
47117,Marshall,Tennessee,196.8
47119,Maury,Tennessee,229.4
47121,Meigs,Tennessee,158.7
47123,Monroe,Tennessee,221.1
47125,Montgomery,Tennessee,390.9
47127,Moore,Tennessee,246.1
47129,Morgan,Tennessee,212.5
47131,Obion,Tennessee,352.6
47133,Overton,Tennessee,213.6
47135,Perry,Tennessee,285.7
47137,Pickett,Tennessee,128.5
47139,Polk,Tennessee,154.5
47141,Putnam,Tennessee,333.4
47143,Rhea,Tennessee,218.8
47145,Roane,Tennessee,281.2
47147,Robertson,Tennessee,237.8
47149,Rutherford,Tennessee,230.3
47151,Scott,Tennessee,387.6
47153,Sequatchie,Tennessee,221.9
47155,Sevier,Tennessee,285.4
47157,Shelby,Tennessee,308.6
47159,Smith,Tennessee,364.5
47161,Stewart,Tennessee,405.7
47163,Sullivan,Tennessee,233.3
47165,Sumner,Tennessee,205.9
47167,Tipton,Tennessee,274.5
47169,Trousdale,Tennessee,279.6
47171,Unicoi,Tennessee,183.5
47173,Union,Tennessee,251.7
47175,Van Buren,Tennessee,245.2
47177,Warren,Tennessee,282.8
47179,Washington,Tennessee,253.4
47181,Wayne,Tennessee,292.2
47183,Weakley,Tennessee,276.8
47185,White,Tennessee,298.5
47187,Williamson,Tennessee,178.2
47189,Wilson,Tennessee,196.9
48001,Anderson,Texas,240.1
48003,Andrews,Texas,382.6
48005,Angelina,Texas,313.8
48007,Aransas,Texas,336.5
48009,Archer,Texas,399
48011,Armstrong,Texas,280.3
48013,Atascosa,Texas,311.2
48015,Austin,Texas,372.6
48017,Bailey,Texas,284
48019,Bandera,Texas,214.2
48021,Bastrop,Texas,257.6
48023,Baylor,Texas,275.1
48025,Bee,Texas,222.4
48027,Bell,Texas,343
48029,Bexar,Texas,371
48031,Blanco,Texas,248.5
48033,Borden,Texas,220.6
48035,Bosque,Texas,355.6
48037,Bowie,Texas,417.1
48039,Brazoria,Texas,250.9
48041,Brazos,Texas,322.4
48043,Brewster,Texas,79.9
48045,Briscoe,Texas,274.3
48047,Brooks,Texas,203.6
48049,Brown,Texas,234.4
48051,Burleson,Texas,207.8
48053,Burnet,Texas,236.5
48055,Caldwell,Texas,250.5
48057,Calhoun,Texas,213.1
48059,Callahan,Texas,272
48061,Cameron,Texas,192.3
48063,Camp,Texas,332.9
48065,Carson,Texas,268.6
48067,Cass,Texas,320.9
48069,Castro,Texas,247.1
48071,Chambers,Texas,297
48073,Cherokee,Texas,199.2
48075,Childress,Texas,365.8
48077,Clay,Texas,431.1
48079,Cochran,Texas,369
48081,Coke,Texas,200.2
48083,Coleman,Texas,174.2
48085,Collin,Texas,203.1
48087,Collingsworth,Texas,355.5
48089,Colorado,Texas,380.6
48091,Comal,Texas,246.3
48093,Comanche,Texas,125
48095,Concho,Texas,188.5
48097,Cooke,Texas,243.8
48099,Coryell,Texas,407.3
48101,Cottle,Texas,373.2
48103,Crane,Texas,415.8
48105,Crockett,Texas,360.3
48107,Crosby,Texas,300.3
48109,Culberson,Texas,204
48111,Dallam,Texas,243.1
48113,Dallas,Texas,308.2
48115,Dawson,Texas,433.1
48117,Deaf Smith,Texas,338.5
48119,Delta,Texas,283.1
48121,Denton,Texas,217.1
48123,DeWitt,Texas,358.3
48125,Dickens,Texas,408.5
48127,Dimmit,Texas,240.7
48129,Donley,Texas,315.4
48131,Duval,Texas,268.3
48133,Eastland,Texas,157.8
48135,Ector,Texas,410.3
48137,Edwards,Texas,230.9
48139,Ellis,Texas,320.3
48141,El Paso,Texas,334.8
48143,Erath,Texas,244.1
48145,Falls,Texas,366.8
48147,Fannin,Texas,184.5
48149,Fayette,Texas,360.9
48151,Fisher,Texas,228.3
48153,Floyd,Texas,289.6
48155,Foard,Texas,324.1
48157,Fort Bend,Texas,223.8
48159,Franklin,Texas,216.8
48161,Freestone,Texas,363.7
48163,Frio,Texas,278.4
48165,Gaines,Texas,227.8
48167,Galveston,Texas,244
48169,Garza,Texas,237.7
48171,Gillespie,Texas,251.1
48173,Glasscock,Texas,178.3
48175,Goliad,Texas,252.1
48177,Gonzales,Texas,321.5
48179,Gray,Texas,335.9
48181,Grayson,Texas,211.8
48183,Gregg,Texas,283.5
48185,Grimes,Texas,353.5
48187,Guadalupe,Texas,326.9
48189,Hale,Texas,272.5
48191,Hall,Texas,348.3
48193,Hamilton,Texas,156.4
48195,Hansford,Texas,272.1
48197,Hardeman,Texas,355.4
48199,Hardin,Texas,391.1
48201,Harris,Texas,296
48203,Harrison,Texas,436.2
48205,Hartley,Texas,277.3
48207,Haskell,Texas,230
48209,Hays,Texas,262.3
48211,Hemphill,Texas,343.2
48213,Henderson,Texas,319.6
48215,Hidalgo,Texas,163.6
48217,Hill,Texas,318.3
48219,Hockley,Texas,340.3
48221,Hood,Texas,260.6
48223,Hopkins,Texas,180.1
48225,Houston,Texas,268.4
48227,Howard,Texas,416.2
48229,Hudspeth,Texas,279.8
48231,Hunt,Texas,247.7
48233,Hutchinson,Texas,263.4
48235,Irion,Texas,215.4
48237,Jack,Texas,341.9
48239,Jackson,Texas,364.7
48241,Jasper,Texas,414.9
48243,Jeff Davis,Texas,90
48245,Jefferson,Texas,432.3
48247,Jim Hogg,Texas,274.4
48249,Jim Wells,Texas,244.3
48251,Johnson,Texas,327.1
48253,Jones,Texas,162.9
48255,Karnes,Texas,340.1
48257,Kaufman,Texas,317.7
48259,Kendall,Texas,355.4
48261,Kenedy,Texas,172.6
48263,Kent,Texas,261.7
48265,Kerr,Texas,209.3
48267,Kimble,Texas,183
48269,King,Texas,342.9
48271,Kinney,Texas,232.2
48273,Kleberg,Texas,315.2
48275,Knox,Texas,290.7
48277,Lamar,Texas,259.3
48279,Lamb,Texas,286.7
48281,Lampasas,Texas,425.6
48283,La Salle,Texas,299.9
48285,Lavaca,Texas,306
48287,Lee,Texas,215.3
48289,Leon,Texas,348.4
48291,Liberty,Texas,314.8
48293,Limestone,Texas,344.2
48295,Lipscomb,Texas,331.5
48297,Live Oak,Texas,212
48299,Llano,Texas,239.8
48301,Loving,Texas,223.8
48303,Lubbock,Texas,301.8
48305,Lynn,Texas,254.1
48307,McCulloch,Texas,238.5
48309,McLennan,Texas,378.6
48311,McMullen,Texas,296.8
48313,Madison,Texas,320.1
48315,Marion,Texas,363.2
48317,Martin,Texas,202.3
48319,Mason,Texas,200.8
48321,Matagorda,Texas,205.3
48323,Maverick,Texas,145.3
48325,Medina,Texas,295.4
48327,Menard,Texas,165.8
48329,Midland,Texas,196.4
48331,Milam,Texas,262.5
48333,Mills,Texas,303.7
48335,Mitchell,Texas,235.5
48337,Montague,Texas,217.4
48339,Montgomery,Texas,235
48341,Moore,Texas,333.4
48343,Morris,Texas,303.9
48345,Motley,Texas,280.6
48347,Nacogdoches,Texas,273.3
48349,Navarro,Texas,353.9
48351,Newton,Texas,372.6
48353,Nolan,Texas,246.1
48355,Nueces,Texas,325.9
48357,Ochiltree,Texas,366.2
48359,Oldham,Texas,283.5
48361,Orange,Texas,371.4
48363,Palo Pinto,Texas,415.2
48365,Panola,Texas,447.3
48367,Parker,Texas,303.5
48369,Parmer,Texas,278.8
48371,Pecos,Texas,315.2
48373,Polk,Texas,343.3
48375,Potter,Texas,382.8
48377,Presidio,Texas,113.3
48379,Rains,Texas,193.5
48381,Randall,Texas,249.4
48383,Reagan,Texas,294.2
48385,Real,Texas,236.3
48387,Red River,Texas,273.6
48389,Reeves,Texas,248.7
48391,Refugio,Texas,254.7
48393,Roberts,Texas,292.1
48395,Robertson,Texas,376.7
48397,Rockwall,Texas,215.7
48399,Runnels,Texas,201.9
48401,Rusk,Texas,265.2
48403,Sabine,Texas,327
48405,San Augustine,Texas,383.5
48407,San Jacinto,Texas,243.7
48409,San Patricio,Texas,322.4
48411,San Saba,Texas,277.5
48413,Schleicher,Texas,209.5
48415,Scurry,Texas,148.1
48417,Shackelford,Texas,165.8
48419,Shelby,Texas,334.8
48421,Sherman,Texas,246.8
48423,Smith,Texas,171.4
48425,Somervell,Texas,256.4
48427,Starr,Texas,144.6
48429,Stephens,Texas,403.4
48431,Sterling,Texas,191.4
48433,Stonewall,Texas,407.2
48435,Sutton,Texas,237.1
48437,Swisher,Texas,246.7
48439,Tarrant,Texas,310.8
48441,Taylor,Texas,252.6
48443,Terrell,Texas,247.2
48445,Terry,Texas,219.1
48447,Throckmorton,Texas,237.2
48449,Titus,Texas,294.5
48451,Tom Green,Texas,172.4
48453,Travis,Texas,238.4
48455,Trinity,Texas,258.1
48457,Tyler,Texas,392.4
48459,Upshur,Texas,248.4
48461,Upton,Texas,422.1
48463,Uvalde,Texas,313.8
48465,Val Verde,Texas,263.1
48467,Van Zandt,Texas,156.1
48469,Victoria,Texas,232.2
48471,Walker,Texas,226.7
48473,Waller,Texas,273.6
48475,Ward,Texas,352
48477,Washington,Texas,192.2
48479,Webb,Texas,326.3
48481,Wharton,Texas,339.3
48483,Wheeler,Texas,343.6
48485,Wichita,Texas,574.1
48487,Wilbarger,Texas,428.8
48489,Willacy,Texas,246.9
48491,Williamson,Texas,183.5
48493,Wilson,Texas,275.2
48495,Winkler,Texas,440.7
48497,Wise,Texas,264.1
48499,Wood,Texas,298.8
48501,Yoakum,Texas,345.4
48503,Young,Texas,353.9
48505,Zapata,Texas,272.9
48507,Zavala,Texas,190.4
49001,Beaver,Utah,49.4
49003,Box Elder,Utah,116.5
49005,Cache,Utah,169.8
49007,Carbon,Utah,125.8
49009,Daggett,Utah,111.6
49011,Davis,Utah,104.7
49013,Duchesne,Utah,101.7
49015,Emery,Utah,141.3
49017,Garfield,Utah,88.7
49019,Grand,Utah,137.3
49021,Iron,Utah,98
49023,Juab,Utah,146.1
49025,Kane,Utah,112.9
49027,Millard,Utah,208.6
49029,Morgan,Utah,110.2
49031,Piute,Utah,123.2
49033,Rich,Utah,116.9
49035,Salt Lake,Utah,119
49037,San Juan,Utah,145
49039,Sanpete,Utah,130
49041,Sevier,Utah,173
49043,Summit,Utah,87.1
49045,Tooele,Utah,117.2
49047,Uintah,Utah,123.1
49049,Utah,Utah,113
49051,Wasatch,Utah,109
49053,Washington,Utah,108.4
49055,Wayne,Utah,133.8
49057,Weber,Utah,120.7
50001,Addison,Vermont,298.2
50003,Bennington,Vermont,309.4
50005,Caledonia,Vermont,297.7
50007,Chittenden,Vermont,286.6
50009,Essex,Vermont,223.9
50011,Franklin,Vermont,401.2
50013,Grand Isle,Vermont,361
50015,Lamoille,Vermont,330.9
50017,Orange,Vermont,249.9
50019,Orleans,Vermont,338.4
50021,Rutland,Vermont,330.5
50023,Washington,Vermont,280.1
50025,Windham,Vermont,306.9
50027,Windsor,Vermont,245.9
51001,Accomack,Virginia,143.4
51003,Albemarle,Virginia,93.5
51005,Alleghany,Virginia,194.5
51007,Amelia,Virginia,174.4
51009,Amherst,Virginia,161.1
51011,Appomattox,Virginia,184.9
51013,Arlington,Virginia,107.8
51015,Augusta,Virginia,156.4
51017,Bath,Virginia,199.1
51019,Bedford,Virginia,191.6
51021,Bland,Virginia,190.6
51023,Botetourt,Virginia,169.5
51025,Brunswick,Virginia,223
51027,Buchanan,Virginia,278
51029,Buckingham,Virginia,117.4
51031,Campbell,Virginia,199.5
51033,Caroline,Virginia,170.4
51035,Carroll,Virginia,168.7
51036,Charles City,Virginia,158
51037,Charlotte,Virginia,196.2
51041,Chesterfield,Virginia,143
51043,Clarke,Virginia,109.7
51045,Craig,Virginia,175.7
51047,Culpeper,Virginia,114.1
51049,Cumberland,Virginia,151.1
51051,Dickenson,Virginia,199.9
51053,Dinwiddie,Virginia,152.8
51057,Essex,Virginia,186.8
51059,Fairfax,Virginia,87.8
51061,Fauquier,Virginia,150.6
51063,Floyd,Virginia,135.5
51065,Fluvanna,Virginia,101
51067,Franklin,Virginia,281
51069,Frederick,Virginia,136.8
51071,Giles,Virginia,200.7
51073,Gloucester,Virginia,143.4
51075,Goochland,Virginia,124.8
51077,Grayson,Virginia,189.9
51079,Greene,Virginia,107.7
51081,Greensville,Virginia,293.5
51083,Halifax,Virginia,181.6
51085,Hanover,Virginia,121.9
51087,Henrico,Virginia,134.1
51089,Henry,Virginia,276.3
51091,Highland,Virginia,160
51093,Isle of Wight,Virginia,323.4
51095,James City,Virginia,141.2
51097,King and Queen,Virginia,184.8
51099,King George,Virginia,139.8
51101,King William,Virginia,206.3
51103,Lancaster,Virginia,132.4
51105,Lee,Virginia,185.2
51107,Loudoun,Virginia,103.2
51109,Louisa,Virginia,116.5
51111,Lunenburg,Virginia,217.5
51113,Madison,Virginia,110.8
51115,Mathews,Virginia,138.1
51117,Mecklenburg,Virginia,210.9
51119,Middlesex,Virginia,159.6
51121,Montgomery,Virginia,140.4
51125,Nelson,Virginia,137.4
51127,New Kent,Virginia,184
51131,Northampton,Virginia,174.6
51133,Northumberland,Virginia,128.6
51135,Nottoway,Virginia,237
51137,Orange,Virginia,106.9
51139,Page,Virginia,129.5
51141,Patrick,Virginia,152.2
51143,Pittsylvania,Virginia,207.8
51145,Powhatan,Virginia,146.4
51147,Prince Edward,Virginia,208.2
51149,Prince George,Virginia,151.7
51153,Prince William,Virginia,136.8
51155,Pulaski,Virginia,171.3
51157,Rappahannock,Virginia,127.5
51159,Richmond,Virginia,163.6
51161,Roanoke,Virginia,175.4
51163,Rockbridge,Virginia,88.5
51165,Rockingham,Virginia,152.9
51167,Russell,Virginia,199.9
51169,Scott,Virginia,270.1
51171,Shenandoah,Virginia,116.6
51173,Smyth,Virginia,178.2
51175,Southampton,Virginia,259.7
51177,Spotsylvania,Virginia,112
51179,Stafford,Virginia,114
51181,Surry,Virginia,228.1
51183,Sussex,Virginia,198.7
51185,Tazewell,Virginia,245.5
51187,Warren,Virginia,159.9
51191,Washington,Virginia,170.7
51193,Westmoreland,Virginia,152.6
51195,Wise,Virginia,206.6
51197,Wythe,Virginia,177
51199,York,Virginia,167.1
51510,Alexandria,Virginia,164.6
51520,Bristol,Virginia,207.9
51530,Buena Vista,Virginia,72.8
51540,Charlottesville,Virginia,98.6
51550,Chesapeake,Virginia,213.1
51570,Colonial Heights,Virginia,140.6
51580,Covington,Virginia,198.2
51590,Danville,Virginia,266.4
51595,Emporia,Virginia,301.9
51600,Fairfax City,Virginia,88.1
51610,Falls Church,Virginia,97.5
51620,Franklin City,Virginia,279.9
51630,Fredericksburg,Virginia,109.6
51640,Galax,Virginia,171
51650,Hampton,Virginia,290.7
51660,Harrisonburg,Virginia,206.5
51670,Hopewell,Virginia,213
51678,Lexington,Virginia,66.5
51680,Lynchburg,Virginia,230.4
51683,Manassas,Virginia,147.3
51685,Manassas Park,Virginia,137.4
51690,Martinsville,Virginia,296.4
51700,Newport News,Virginia,283.3
51710,Norfolk,Virginia,225.6
51720,Norton,Virginia,198.7
51730,Petersburg,Virginia,242.6
51735,Poquoson,Virginia,235.6
51740,Portsmouth,Virginia,313.2
51750,Radford,Virginia,172.9
51760,Richmond City,Virginia,167.1
51770,Roanoke City,Virginia,222.9
51775,Salem,Virginia,185.8
51790,Staunton,Virginia,196.6
51800,Suffolk,Virginia,332.5
51810,Virginia Beach,Virginia,154
51820,Waynesboro,Virginia,147.1
51830,Williamsburg,Virginia,156.4
51840,Winchester,Virginia,195.5
53001,Adams,Washington,439.6
53003,Asotin,Washington,182.6
53005,Benton,Washington,214.8
53007,Chelan,Washington,168.6
53009,Clallam,Washington,193
53011,Clark,Washington,246.3
53013,Columbia,Washington,227.2
53015,Cowlitz,Washington,221.7
53017,Douglas,Washington,164.7
53019,Ferry,Washington,160.6
53021,Franklin,Washington,216.2
53023,Garfield,Washington,177.9
53025,Grant,Washington,317.4
53027,Grays Harbor,Washington,232.6
53029,Island,Washington,190.3
53031,Jefferson,Washington,180.2
53033,King,Washington,181.8
53035,Kitsap,Washington,194
53037,Kittitas,Washington,178.8
53039,Klickitat,Washington,159.1
53041,Lewis,Washington,253.9
53043,Lincoln,Washington,162.1
53045,Mason,Washington,236.4
53047,Okanogan,Washington,144
53049,Pacific,Washington,257.7
53051,Pend Oreille,Washington,195.4
53053,Pierce,Washington,230
53055,San Juan,Washington,135.5
53057,Skagit,Washington,218.5
53059,Skamania,Washington,211.9
53061,Snohomish,Washington,200.6
53063,Spokane,Washington,199.6
53065,Stevens,Washington,195.4
53067,Thurston,Washington,204.3
53069,Wahkiakum,Washington,210
53071,Walla Walla,Washington,203.5
53073,Whatcom,Washington,193.1
53075,Whitman,Washington,186.6
53077,Yakima,Washington,248.2
54001,Barbour,West Virginia,320.9
54003,Berkeley,West Virginia,248.3
54005,Boone,West Virginia,344.2
54007,Braxton,West Virginia,433.2
54009,Brooke,West Virginia,151.3
54011,Cabell,West Virginia,328.4
54013,Calhoun,West Virginia,423.7
54015,Clay,West Virginia,294.3
54017,Doddridge,West Virginia,230.9
54019,Fayette,West Virginia,302.5
54021,Gilmer,West Virginia,304
54023,Grant,West Virginia,162.2
54025,Greenbrier,West Virginia,185.8
54027,Hampshire,West Virginia,256.2
54029,Hancock,West Virginia,119.4
54031,Hardy,West Virginia,192.2
54033,Harrison,West Virginia,262.5
54035,Jackson,West Virginia,280.9
54037,Jefferson,West Virginia,194.2
54039,Kanawha,West Virginia,283.4
54041,Lewis,West Virginia,352.5
54043,Lincoln,West Virginia,399
54045,Logan,West Virginia,607.4
54047,McDowell,West Virginia,418.8
54049,Marion,West Virginia,278.1
54051,Marshall,West Virginia,215.4
54053,Mason,West Virginia,242.9
54055,Mercer,West Virginia,269.9
54057,Mineral,West Virginia,266.6
54059,Mingo,West Virginia,572.4
54061,Monongalia,West Virginia,252.6
54063,Monroe,West Virginia,175.7
54065,Morgan,West Virginia,173.9
54067,Nicholas,West Virginia,335.6
54069,Ohio,West Virginia,241.6
54071,Pendleton,West Virginia,166.5
54073,Pleasants,West Virginia,295
54075,Pocahontas,West Virginia,158
54077,Preston,West Virginia,347.3
54079,Putnam,West Virginia,237
54081,Raleigh,West Virginia,278
54083,Randolph,West Virginia,248.4
54085,Ritchie,West Virginia,265.6
54087,Roane,West Virginia,305.3
54089,Summers,West Virginia,237.2
54091,Taylor,West Virginia,245.6
54093,Tucker,West Virginia,345.3
54095,Tyler,West Virginia,230.8
54097,Upshur,West Virginia,240.7
54099,Wayne,West Virginia,283.8
54101,Webster,West Virginia,283.4
54103,Wetzel,West Virginia,247.9
54105,Wirt,West Virginia,296.4
54107,Wood,West Virginia,266
54109,Wyoming,West Virginia,289.9
55001,Adams,Wisconsin,333.3
55003,Ashland,Wisconsin,249.2
55005,Barron,Wisconsin,182
55007,Bayfield,Wisconsin,114.7
55009,Brown,Wisconsin,76.9
55011,Buffalo,Wisconsin,154.3
55013,Burnett,Wisconsin,179.4
55015,Calumet,Wisconsin,215.4
55017,Chippewa,Wisconsin,137.2
55019,Clark,Wisconsin,223.6
55021,Columbia,Wisconsin,167.6
55023,Crawford,Wisconsin,174.7
55025,Dane,Wisconsin,161.7
55027,Dodge,Wisconsin,224
55029,Door,Wisconsin,63.5
55031,Douglas,Wisconsin,235
55033,Dunn,Wisconsin,111.2
55035,Eau Claire,Wisconsin,146.4
55037,Florence,Wisconsin,211
55039,Fond du Lac,Wisconsin,214.4
55041,Forest,Wisconsin,219.2
55043,Grant,Wisconsin,241.4
55045,Green,Wisconsin,153.3
55047,Green Lake,Wisconsin,335.5
55049,Iowa,Wisconsin,182.1
55051,Iron,Wisconsin,107.9
55053,Jackson,Wisconsin,179.1
55055,Jefferson,Wisconsin,193.6
55057,Juneau,Wisconsin,267.6
55059,Kenosha,Wisconsin,221.9
55061,Kewaunee,Wisconsin,95.2
55063,La Crosse,Wisconsin,164.5
55065,Lafayette,Wisconsin,145.5
55067,Langlade,Wisconsin,221
55069,Lincoln,Wisconsin,156.7
55071,Manitowoc,Wisconsin,128.6
55073,Marathon,Wisconsin,243.9
55075,Marinette,Wisconsin,268.8
55077,Marquette,Wisconsin,135.3
55078,Menominee,Wisconsin,259.6
55079,Milwaukee,Wisconsin,218.1
55081,Monroe,Wisconsin,165.8
55083,Oconto,Wisconsin,99.4
55085,Oneida,Wisconsin,239.7
55087,Outagamie,Wisconsin,155.1
55089,Ozaukee,Wisconsin,152.6
55091,Pepin,Wisconsin,122.1
55093,Pierce,Wisconsin,165.1
55095,Polk,Wisconsin,225.2
55097,Portage,Wisconsin,243.8
55099,Price,Wisconsin,100.8
55101,Racine,Wisconsin,190.9
55103,Richland,Wisconsin,176.7
55105,Rock,Wisconsin,175
55107,Rusk,Wisconsin,166.5
55109,St. Croix,Wisconsin,179.9
55111,Sauk,Wisconsin,168.6
55113,Sawyer,Wisconsin,248.4
55115,Shawano,Wisconsin,347.7
55117,Sheboygan,Wisconsin,164.6
55119,Taylor,Wisconsin,181.9
55121,Trempealeau,Wisconsin,154.8
55123,Vernon,Wisconsin,155.5
55125,Vilas,Wisconsin,235
55127,Walworth,Wisconsin,179.1
55129,Washburn,Wisconsin,152.7
55131,Washington,Wisconsin,139.3
55133,Waukesha,Wisconsin,189.3
55135,Waupaca,Wisconsin,220
55137,Waushara,Wisconsin,72.7
55139,Winnebago,Wisconsin,184.4
55141,Wood,Wisconsin,166.8
56001,Albany,Wyoming,144.3
56003,Big Horn,Wyoming,163.8
56005,Campbell,Wyoming,165.3
56007,Carbon,Wyoming,104.8
56009,Converse,Wyoming,147.3
56011,Crook,Wyoming,183.1
56013,Fremont,Wyoming,174.4
56015,Goshen,Wyoming,172.1
56017,Hot Springs,Wyoming,180.1
56019,Johnson,Wyoming,121.8
56021,Laramie,Wyoming,170.9
56023,Lincoln,Wyoming,106.9
56025,Natrona,Wyoming,255.4
56027,Niobrara,Wyoming,211.1
56029,Park,Wyoming,132.1
56031,Platte,Wyoming,165.2
56033,Sheridan,Wyoming,87.1
56035,Sublette,Wyoming,153.3
56037,Sweetwater,Wyoming,178.9
56039,Teton,Wyoming,42.4
56041,Uinta,Wyoming,58.6
56043,Washakie,Wyoming,152.1
56045,Weston,Wyoming,250.1
